slot_id,night_id,timestamp_utc,duration_seconds,is_observable,seeing_arcsec,transparency,sky_quality,instrument_efficiency
N20261004-S001,N20261004,2026-10-05T00:00:00Z,900,true,1.127816,0.936870,0.953554,0.935736
N20261004-S002,N20261004,2026-10-05T00:15:00Z,900,true,1.195927,0.914216,0.964629,0.953340
N20261004-S003,N20261004,2026-10-05T00:30:00Z,900,true,1.171773,0.913236,0.954347,0.967074
N20261004-S004,N20261004,2026-10-05T00:45:00Z,900,true,1.249414,0.910739,0.971491,0.958467
N20261004-S005,N20261004,2026-10-05T01:00:00Z,900,true,1.271082,0.897295,0.956783,0.949812
N20261004-S006,N20261004,2026-10-05T01:15:00Z,900,true,1.252975,0.883263,0.945656,0.963407
N20261004-S007,N20261004,2026-10-05T01:30:00Z,900,true,1.300600,0.867468,0.951775,0.946689
N20261004-S008,N20261004,2026-10-05T01:45:00Z,900,true,1.260053,0.890086,0.944481,0.975693
N20261004-S009,N20261004,2026-10-05T02:00:00Z,900,true,1.329166,0.872928,0.937709,0.954801
N20261004-S010,N20261004,2026-10-05T02:15:00Z,900,true,1.281240,0.886447,0.966187,0.972410
N20261004-S011,N20261004,2026-10-05T02:30:00Z,900,true,1.280192,0.867651,0.928414,0.987103
N20261004-S012,N20261004,2026-10-05T02:45:00Z,900,true,1.248287,0.864928,0.950536,0.972048
N20261004-S013,N20261004,2026-10-05T03:00:00Z,900,true,1.267267,0.896899,0.918689,0.984172
N20261004-S014,N20261004,2026-10-05T03:15:00Z,900,true,1.249289,0.902816,0.943262,0.989877
N20261004-S015,N20261004,2026-10-05T03:30:00Z,900,true,1.276106,0.903467,0.940784,0.990438
N20261004-S016,N20261004,2026-10-05T03:45:00Z,900,true,1.244807,0.907459,0.945084,0.980443
N20261004-S017,N20261004,2026-10-05T04:00:00Z,900,true,1.235037,0.894010,0.908106,0.960417
N20261004-S018,N20261004,2026-10-05T04:15:00Z,900,true,1.188664,0.915064,0.921085,0.976641
N20261004-S019,N20261004,2026-10-05T04:30:00Z,900,true,1.153603,0.914515,0.917702,0.970405
N20261004-S020,N20261004,2026-10-05T04:45:00Z,900,true,1.156046,0.924910,0.934566,0.987824
N20261004-S021,N20261004,2026-10-05T05:00:00Z,900,true,1.161829,0.943496,0.925808,0.974912
N20261004-S022,N20261004,2026-10-05T05:15:00Z,900,true,1.172255,0.951798,0.916256,0.997524
N20261004-S023,N20261004,2026-10-05T05:30:00Z,900,true,1.118741,0.948816,0.901548,0.967044
N20261004-S024,N20261004,2026-10-05T05:45:00Z,900,true,1.124194,0.935179,0.896836,0.993371
N20261004-S025,N20261004,2026-10-05T06:00:00Z,900,true,1.122860,0.938050,0.913011,0.992359
N20261004-S026,N20261004,2026-10-05T06:15:00Z,900,true,1.015490,0.944092,0.882671,0.966015
N20261004-S027,N20261004,2026-10-05T06:30:00Z,900,true,1.026453,0.967427,0.890366,0.988057
N20261004-S028,N20261004,2026-10-05T06:45:00Z,900,true,1.009043,0.951965,0.901234,0.988296
N20261004-S029,N20261004,2026-10-05T07:00:00Z,900,true,1.014122,0.972014,0.917405,0.986275
N20261004-S030,N20261004,2026-10-05T07:15:00Z,900,true,1.057553,0.957013,0.888843,0.965175
N20261004-S031,N20261004,2026-10-05T07:30:00Z,900,true,1.077994,0.956841,0.910360,0.965080
N20261004-S032,N20261004,2026-10-05T07:45:00Z,900,true,1.091192,0.971783,0.881450,0.944819
N20261004-S033,N20261004,2026-10-05T08:00:00Z,900,true,1.094350,0.944479,0.909166,0.957186
N20261004-S034,N20261004,2026-10-05T08:15:00Z,900,true,1.110170,0.938719,0.919520,0.963875
N20261004-S035,N20261004,2026-10-05T08:30:00Z,900,true,1.164370,0.946829,0.901980,0.968169
N20261004-S036,N20261004,2026-10-05T08:45:00Z,900,true,1.090183,0.939914,0.916328,0.967788
N20261005-S001,N20261005,2026-10-06T00:00:00Z,900,true,1.193206,0.922012,0.921636,0.944531
N20261005-S002,N20261005,2026-10-06T00:15:00Z,900,true,1.163603,0.924309,0.926228,0.941855
N20261005-S003,N20261005,2026-10-06T00:30:00Z,900,true,1.246118,0.897962,0.910653,0.943565
N20261005-S004,N20261005,2026-10-06T00:45:00Z,900,true,1.200469,0.890363,0.902636,0.950879
N20261005-S005,N20261005,2026-10-06T01:00:00Z,900,true,1.238122,0.882933,0.905878,0.938593
N20261005-S006,N20261005,2026-10-06T01:15:00Z,900,true,1.253375,0.895694,0.917172,0.953255
N20261005-S007,N20261005,2026-10-06T01:30:00Z,900,true,1.285633,0.899140,0.912691,0.923250
N20261005-S008,N20261005,2026-10-06T01:45:00Z,900,true,1.330817,0.878766,0.911177,0.921072
N20261005-S009,N20261005,2026-10-06T02:00:00Z,900,true,1.301147,0.891064,0.949975,0.913571
N20261005-S010,N20261005,2026-10-06T02:15:00Z,900,true,1.296213,0.895410,0.954270,0.917182
N20261005-S011,N20261005,2026-10-06T02:30:00Z,900,true,1.294697,0.883204,0.939120,0.932032
N20261005-S012,N20261005,2026-10-06T02:45:00Z,900,true,1.309102,0.860556,0.952115,0.940884
N20261005-S013,N20261005,2026-10-06T03:00:00Z,900,true,1.343342,0.874672,0.960202,0.916227
N20261005-S014,N20261005,2026-10-06T03:15:00Z,900,true,1.323834,0.902617,0.935471,0.941277
N20261005-S015,N20261005,2026-10-06T03:30:00Z,900,true,1.230256,0.869214,0.956690,0.934226
N20261005-S016,N20261005,2026-10-06T03:45:00Z,900,true,1.305022,0.899364,0.947841,0.912844
N20261005-S017,N20261005,2026-10-06T04:00:00Z,900,true,1.271761,0.911851,0.965273,0.913079
N20261005-S018,N20261005,2026-10-06T04:15:00Z,900,true,1.202936,0.906011,0.959981,0.912765
N20261005-S019,N20261005,2026-10-06T04:30:00Z,900,true,1.248258,0.915986,0.977531,0.938980
N20261005-S020,N20261005,2026-10-06T04:45:00Z,900,true,1.223030,0.901119,0.969841,0.920108
N20261005-S021,N20261005,2026-10-06T05:00:00Z,900,true,1.197631,0.913443,0.970481,0.918280
N20261005-S022,N20261005,2026-10-06T05:15:00Z,900,true,1.181584,0.917050,0.978951,0.903094
N20261005-S023,N20261005,2026-10-06T05:30:00Z,900,true,1.076061,0.924453,0.967347,0.910944
N20261005-S024,N20261005,2026-10-06T05:45:00Z,900,true,1.109971,0.961660,0.973231,0.942546
N20261005-S025,N20261005,2026-10-06T06:00:00Z,900,true,1.095178,0.936331,0.960127,0.943232
N20261005-S026,N20261005,2026-10-06T06:15:00Z,900,true,1.072354,0.946723,0.955553,0.938388
N20261005-S027,N20261005,2026-10-06T06:30:00Z,900,true,1.071759,0.966362,0.948649,0.934297
N20261005-S028,N20261005,2026-10-06T06:45:00Z,900,true,1.036908,0.970631,0.972841,0.923425
N20261005-S029,N20261005,2026-10-06T07:00:00Z,900,true,1.048383,0.977323,0.968763,0.938114
N20261005-S030,N20261005,2026-10-06T07:15:00Z,900,true,1.050211,0.950306,0.965000,0.928402
N20261005-S031,N20261005,2026-10-06T07:30:00Z,900,true,1.038573,0.941994,0.939160,0.945458
N20261005-S032,N20261005,2026-10-06T07:45:00Z,900,true,1.023926,0.971893,0.926239,0.937815
N20261005-S033,N20261005,2026-10-06T08:00:00Z,900,true,1.110647,0.962717,0.934301,0.938720
N20261005-S034,N20261005,2026-10-06T08:15:00Z,900,true,1.098745,0.936290,0.928997,0.943782
N20261005-S035,N20261005,2026-10-06T08:30:00Z,900,true,1.088961,0.961022,0.945090,0.937703
N20261006-S001,N20261006,2026-10-07T00:15:00Z,900,true,1.100229,0.924817,0.920641,0.953554
N20261006-S002,N20261006,2026-10-07T00:30:00Z,900,true,1.092253,0.943349,0.912207,0.948871
N20261006-S003,N20261006,2026-10-07T00:45:00Z,900,true,1.133466,0.919122,0.917709,0.956197
N20261006-S004,N20261006,2026-10-07T01:00:00Z,900,true,1.203558,0.902779,0.912974,0.952772
N20261006-S005,N20261006,2026-10-07T01:15:00Z,900,true,1.182684,0.930024,0.926113,0.948050
N20261006-S006,N20261006,2026-10-07T01:30:00Z,900,true,1.205240,0.895266,0.926157,0.961123
N20261006-S007,N20261006,2026-10-07T01:45:00Z,900,true,1.250703,0.895656,0.922775,0.973385
N20261006-S008,N20261006,2026-10-07T02:00:00Z,900,true,1.233134,0.888079,0.898096,0.967389
N20261006-S009,N20261006,2026-10-07T02:15:00Z,900,true,1.285107,0.882356,0.901045,0.962726
N20261006-S010,N20261006,2026-10-07T02:30:00Z,900,true,1.309118,0.893434,0.889670,0.976085
N20261006-S011,N20261006,2026-10-07T02:45:00Z,900,true,1.282753,0.885094,0.896781,0.981170
N20261006-S012,N20261006,2026-10-07T03:00:00Z,900,true,1.287250,0.876473,0.906455,0.968013
N20261006-S013,N20261006,2026-10-07T03:15:00Z,900,true,1.276868,0.876097,0.884794,0.982402
N20261006-S014,N20261006,2026-10-07T03:30:00Z,900,true,1.278535,0.890343,0.919877,0.981885
N20261006-S015,N20261006,2026-10-07T03:45:00Z,900,true,1.339922,0.887625,0.912138,0.962001
N20261006-S016,N20261006,2026-10-07T04:00:00Z,900,true,1.235713,0.873520,0.906145,0.964720
N20261006-S017,N20261006,2026-10-07T04:15:00Z,900,true,1.254623,0.885686,0.905490,0.981925
N20261006-S018,N20261006,2026-10-07T04:30:00Z,900,true,1.228598,0.906355,0.905210,0.971339
N20261006-S019,N20261006,2026-10-07T04:45:00Z,900,true,1.263006,0.902315,0.907506,0.999278
N20261006-S020,N20261006,2026-10-07T05:00:00Z,900,true,1.203159,0.889529,0.916404,0.980464
N20261006-S021,N20261006,2026-10-07T05:15:00Z,900,true,1.215151,0.912564,0.913849,0.976974
N20261006-S022,N20261006,2026-10-07T05:30:00Z,900,true,1.179078,0.933681,0.888823,0.965593
N20261006-S023,N20261006,2026-10-07T05:45:00Z,900,true,1.157659,0.933642,0.908017,0.979673
N20261006-S024,N20261006,2026-10-07T06:00:00Z,900,true,1.154165,0.938974,0.893471,0.978337
N20261006-S025,N20261006,2026-10-07T06:15:00Z,900,true,1.128846,0.938895,0.918161,0.961325
N20261006-S026,N20261006,2026-10-07T06:30:00Z,900,true,1.123580,0.955510,0.931344,0.972465
N20261006-S027,N20261006,2026-10-07T06:45:00Z,900,true,1.056630,0.943826,0.920222,0.966129
N20261006-S028,N20261006,2026-10-07T07:00:00Z,900,true,1.074208,0.950030,0.936681,0.980976
N20261006-S029,N20261006,2026-10-07T07:15:00Z,900,true,1.078779,0.950006,0.912740,0.953781
N20261006-S030,N20261006,2026-10-07T07:30:00Z,900,true,1.093694,0.961174,0.922837,0.966609
N20261006-S031,N20261006,2026-10-07T07:45:00Z,900,true,1.074999,0.978050,0.934195,0.953181
N20261006-S032,N20261006,2026-10-07T08:00:00Z,900,true,1.058526,0.974868,0.935044,0.960835
N20261006-S033,N20261006,2026-10-07T08:15:00Z,900,true,1.075181,0.954266,0.931953,0.963181
N20261006-S034,N20261006,2026-10-07T08:30:00Z,900,true,1.055134,0.967940,0.960377,0.945355
N20261007-S001,N20261007,2026-10-08T00:15:00Z,900,true,1.023831,0.940075,0.956584,0.966808
N20261007-S002,N20261007,2026-10-08T00:30:00Z,900,true,1.058939,0.946852,0.943337,0.951943
N20261007-S003,N20261007,2026-10-08T00:45:00Z,900,true,1.079757,0.936047,0.960936,0.961837
N20261007-S004,N20261007,2026-10-08T01:00:00Z,900,true,1.131146,0.921787,0.941270,0.956258
N20261007-S005,N20261007,2026-10-08T01:15:00Z,900,true,1.171743,0.923248,0.944397,0.951279
N20261007-S006,N20261007,2026-10-08T01:30:00Z,900,true,1.192869,0.915039,0.972859,0.939888
N20261007-S007,N20261007,2026-10-08T01:45:00Z,900,true,1.168290,0.922517,0.944388,0.928513
N20261007-S008,N20261007,2026-10-08T02:00:00Z,900,true,1.186752,0.920955,0.944620,0.918145
N20261007-S009,N20261007,2026-10-08T02:15:00Z,900,true,1.216547,0.906660,0.978635,0.939147
N20261007-S010,N20261007,2026-10-08T02:30:00Z,900,true,1.201998,0.905816,0.941149,0.915773
N20261007-S011,N20261007,2026-10-08T02:45:00Z,900,true,1.230208,0.889215,0.972565,0.937031
N20261007-S012,N20261007,2026-10-08T03:00:00Z,900,true,1.230603,0.884758,0.963577,0.929636
N20261007-S013,N20261007,2026-10-08T03:15:00Z,900,true,1.239388,0.898842,0.943942,0.922005
N20261007-S014,N20261007,2026-10-08T03:30:00Z,900,true,1.327926,0.897260,0.943601,0.938969
N20261007-S015,N20261007,2026-10-08T03:45:00Z,900,true,1.290209,0.872087,0.945366,0.924386
N20261007-S016,N20261007,2026-10-08T04:00:00Z,900,true,1.344541,0.869309,0.937820,0.909437
N20261007-S017,N20261007,2026-10-08T04:15:00Z,900,true,1.313201,0.861557,0.934205,0.927386
N20261007-S018,N20261007,2026-10-08T04:30:00Z,900,true,1.333351,0.894137,0.961344,0.901681
N20261007-S019,N20261007,2026-10-08T04:45:00Z,900,true,1.292846,0.899107,0.940466,0.927697
N20261007-S020,N20261007,2026-10-08T05:00:00Z,900,true,1.252868,0.883848,0.947539,0.908271
N20261007-S021,N20261007,2026-10-08T05:15:00Z,900,true,1.236708,0.881486,0.927404,0.909679
N20261007-S022,N20261007,2026-10-08T05:30:00Z,900,true,1.252340,0.905717,0.940223,0.903328
N20261007-S023,N20261007,2026-10-08T05:45:00Z,900,true,1.189350,0.902465,0.924953,0.922074
N20261007-S024,N20261007,2026-10-08T06:00:00Z,900,true,1.213278,0.912157,0.921308,0.911673
N20261007-S025,N20261007,2026-10-08T06:15:00Z,900,true,1.138354,0.898468,0.920722,0.918966
N20261007-S026,N20261007,2026-10-08T06:30:00Z,900,true,1.186059,0.932670,0.922751,0.929103
N20261007-S027,N20261007,2026-10-08T06:45:00Z,900,true,1.137801,0.931906,0.938755,0.919618
N20261007-S028,N20261007,2026-10-08T07:00:00Z,900,true,1.094166,0.945146,0.918557,0.948349
N20261007-S029,N20261007,2026-10-08T07:15:00Z,900,true,1.080998,0.926950,0.911267,0.924321
N20261007-S030,N20261007,2026-10-08T07:30:00Z,900,true,1.115093,0.934637,0.906986,0.929969
N20261007-S031,N20261007,2026-10-08T07:45:00Z,900,true,1.106263,0.952185,0.910611,0.945147
N20261007-S032,N20261007,2026-10-08T08:00:00Z,900,true,1.024646,0.938209,0.902712,0.931960
N20261007-S033,N20261007,2026-10-08T08:15:00Z,900,true,1.072675,0.975241,0.912723,0.939304
N20261007-S034,N20261007,2026-10-08T08:30:00Z,900,true,1.076555,0.956725,0.885276,0.955656
N20261008-S001,N20261008,2026-10-09T00:15:00Z,900,true,1.040503,0.959514,0.897037,0.953042
N20261008-S002,N20261008,2026-10-09T00:30:00Z,900,true,1.054018,0.943231,0.904583,0.953771
N20261008-S003,N20261008,2026-10-09T00:45:00Z,900,true,1.046552,0.966918,0.905353,0.972923
N20261008-S004,N20261008,2026-10-09T01:00:00Z,900,true,1.105711,0.957209,0.920091,0.972835
N20261008-S005,N20261008,2026-10-09T01:15:00Z,900,true,1.101064,0.951240,0.909574,0.954814
N20261008-S006,N20261008,2026-10-09T01:30:00Z,900,true,1.120348,0.950135,0.882864,0.967163
N20261008-S007,N20261008,2026-10-09T01:45:00Z,900,true,1.165089,0.932428,0.891054,0.970244
N20261008-S008,N20261008,2026-10-09T02:00:00Z,900,true,1.090893,0.926384,0.902917,0.947711
N20261008-S009,N20261008,2026-10-09T02:15:00Z,900,true,1.201503,0.916039,0.918169,0.950256
N20261008-S010,N20261008,2026-10-09T02:30:00Z,900,true,1.159906,0.911850,0.920216,0.960195
N20261008-S011,N20261008,2026-10-09T02:45:00Z,900,true,1.168217,0.913762,0.889428,0.962227
N20261008-S012,N20261008,2026-10-09T03:00:00Z,900,true,1.259027,0.889639,0.915833,0.955372
N20261008-S013,N20261008,2026-10-09T03:15:00Z,900,true,1.274259,0.894822,0.904558,0.985585
N20261008-S014,N20261008,2026-10-09T03:30:00Z,900,true,1.224933,0.876347,0.896514,0.982348
N20261008-S015,N20261008,2026-10-09T03:45:00Z,900,true,1.223014,0.886997,0.901315,0.985940
N20261008-S016,N20261008,2026-10-09T04:00:00Z,900,true,1.302597,0.897701,0.904774,0.968716
N20261008-S017,N20261008,2026-10-09T04:15:00Z,900,true,1.279986,0.870079,0.904269,0.984660
N20261008-S018,N20261008,2026-10-09T04:30:00Z,900,true,1.325406,0.895183,0.941110,0.962981
N20261008-S019,N20261008,2026-10-09T04:45:00Z,900,true,1.331493,0.886184,0.929666,0.972498
N20261008-S020,N20261008,2026-10-09T05:00:00Z,900,true,1.253997,0.871979,0.943993,0.989111
N20261008-S021,N20261008,2026-10-09T05:15:00Z,900,true,1.267131,0.886869,0.939387,0.997898
N20261008-S022,N20261008,2026-10-09T05:30:00Z,900,true,1.250981,0.870451,0.922578,0.998814
N20261008-S023,N20261008,2026-10-09T05:45:00Z,900,true,1.318128,0.893087,0.931880,0.967610
N20261008-S024,N20261008,2026-10-09T06:00:00Z,900,true,1.273667,0.903600,0.959841,0.975656
N20261008-S025,N20261008,2026-10-09T06:15:00Z,900,true,1.278866,0.909932,0.946342,0.962480
N20261008-S026,N20261008,2026-10-09T06:30:00Z,900,true,1.271491,0.919228,0.932379,0.965936
N20261008-S027,N20261008,2026-10-09T06:45:00Z,900,true,1.182271,0.908839,0.952006,0.956768
N20261008-S028,N20261008,2026-10-09T07:00:00Z,900,true,1.215198,0.924472,0.955962,0.963250
N20261008-S029,N20261008,2026-10-09T07:15:00Z,900,true,1.146846,0.910437,0.952702,0.980405
N20261008-S030,N20261008,2026-10-09T07:30:00Z,900,true,1.145753,0.920000,0.956407,0.955648
N20261008-S031,N20261008,2026-10-09T07:45:00Z,900,true,1.107918,0.937703,0.943972,0.971775
N20261008-S032,N20261008,2026-10-09T08:00:00Z,900,true,1.135362,0.960609,0.953031,0.968627
N20261008-S033,N20261008,2026-10-09T08:15:00Z,900,true,1.135404,0.937385,0.971298,0.964577
N20261008-S034,N20261008,2026-10-09T08:30:00Z,900,true,1.075699,0.944814,0.952178,0.938933
N20261009-S001,N20261009,2026-10-10T00:15:00Z,900,true,1.032221,0.972112,0.956313,0.938742
N20261009-S002,N20261009,2026-10-10T00:30:00Z,900,true,1.075634,0.959087,0.977453,0.960452
N20261009-S003,N20261009,2026-10-10T00:45:00Z,900,true,1.006579,0.963184,0.946953,0.943315
N20261009-S004,N20261009,2026-10-10T01:00:00Z,900,true,1.044842,0.959178,0.972380,0.945692
N20261009-S005,N20261009,2026-10-10T01:15:00Z,900,true,1.084147,0.962309,0.960880,0.955953
N20261009-S006,N20261009,2026-10-10T01:30:00Z,900,true,1.025316,0.976031,0.933341,0.945173
N20261009-S007,N20261009,2026-10-10T01:45:00Z,900,true,1.101923,0.951994,0.965317,0.953961
N20261009-S008,N20261009,2026-10-10T02:00:00Z,900,true,1.038842,0.950784,0.953400,0.932147
N20261009-S009,N20261009,2026-10-10T02:15:00Z,900,true,1.077525,0.936932,0.943286,0.926956
N20261009-S010,N20261009,2026-10-10T02:30:00Z,900,true,1.141108,0.930982,0.956499,0.928820
N20261009-S011,N20261009,2026-10-10T02:45:00Z,900,true,1.087513,0.936561,0.928482,0.922561
N20261009-S012,N20261009,2026-10-10T03:00:00Z,900,true,1.118285,0.906478,0.938286,0.930643
N20261009-S013,N20261009,2026-10-10T03:15:00Z,900,true,1.170569,0.934282,0.944397,0.934732
N20261009-S014,N20261009,2026-10-10T03:30:00Z,900,true,1.237439,0.899868,0.934385,0.906763
N20261009-S015,N20261009,2026-10-10T03:45:00Z,900,true,1.171689,0.893956,0.925794,0.918492
N20261009-S016,N20261009,2026-10-10T04:00:00Z,900,true,1.284413,0.908135,0.904749,0.932502
N20261009-S017,N20261009,2026-10-10T04:15:00Z,900,true,1.230324,0.909479,0.916551,0.916327
N20261009-S018,N20261009,2026-10-10T04:30:00Z,900,true,1.248542,0.873283,0.926203,0.923355
N20261009-S019,N20261009,2026-10-10T04:45:00Z,900,true,1.273339,0.871308,0.900407,0.939035
N20261009-S020,N20261009,2026-10-10T05:00:00Z,900,true,1.309722,0.878391,0.910352,0.938056
N20261009-S021,N20261009,2026-10-10T05:15:00Z,900,true,1.271589,0.870496,0.920910,0.933373
N20261009-S022,N20261009,2026-10-10T05:30:00Z,900,true,1.264166,0.869317,0.912612,0.907414
N20261009-S023,N20261009,2026-10-10T05:45:00Z,900,true,1.302373,0.877355,0.892724,0.933791
N20261009-S024,N20261009,2026-10-10T06:00:00Z,900,true,1.317821,0.890309,0.904816,0.902435
N20261009-S025,N20261009,2026-10-10T06:15:00Z,900,true,1.251700,0.873264,0.918611,0.937159
N20261009-S026,N20261009,2026-10-10T06:30:00Z,900,true,1.228787,0.892033,0.905148,0.922360
N20261009-S027,N20261009,2026-10-10T06:45:00Z,900,true,1.303532,0.893445,0.900350,0.939863
N20261009-S028,N20261009,2026-10-10T07:00:00Z,900,true,1.255110,0.888393,0.890410,0.911895
N20261009-S029,N20261009,2026-10-10T07:15:00Z,900,true,1.266337,0.912656,0.918835,0.932000
N20261009-S030,N20261009,2026-10-10T07:30:00Z,900,true,1.209987,0.930830,0.918678,0.914949
N20261009-S031,N20261009,2026-10-10T07:45:00Z,900,true,1.204319,0.907771,0.905418,0.949712
N20261009-S032,N20261009,2026-10-10T08:00:00Z,900,true,1.125424,0.941579,0.911647,0.918447
N20261009-S033,N20261009,2026-10-10T08:15:00Z,900,true,1.173471,0.929803,0.900997,0.937382
N20261009-S034,N20261009,2026-10-10T08:30:00Z,900,true,1.132500,0.933351,0.906261,0.954305
N20261010-S001,N20261010,2026-10-11T00:15:00Z,900,true,1.084681,0.939257,0.905318,0.929229
N20261010-S002,N20261010,2026-10-11T00:30:00Z,900,true,1.073014,0.954691,0.930007,0.938682
N20261010-S003,N20261010,2026-10-11T00:45:00Z,900,true,1.094750,0.951851,0.931629,0.964663
N20261010-S004,N20261010,2026-10-11T01:00:00Z,900,true,1.053693,0.956217,0.916372,0.945839
N20261010-S005,N20261010,2026-10-11T01:15:00Z,900,true,1.034791,0.941763,0.911366,0.972332
N20261010-S006,N20261010,2026-10-11T01:30:00Z,900,true,1.023646,0.959728,0.933202,0.963579
N20261010-S007,N20261010,2026-10-11T01:45:00Z,900,true,1.006803,0.956648,0.929252,0.959149
N20261010-S008,N20261010,2026-10-11T02:00:00Z,900,true,1.094679,0.961523,0.936257,0.976587
N20261010-S009,N20261010,2026-10-11T02:15:00Z,900,true,1.012663,0.965216,0.948805,0.975310
N20261010-S010,N20261010,2026-10-11T02:30:00Z,900,true,1.064426,0.952266,0.940145,0.963375
N20261010-S011,N20261010,2026-10-11T02:45:00Z,900,true,1.035301,0.934264,0.949196,0.958808
N20261010-S012,N20261010,2026-10-11T03:00:00Z,900,true,1.138060,0.925920,0.942762,0.965480
N20261010-S013,N20261010,2026-10-11T03:15:00Z,900,true,1.166949,0.950713,0.961858,0.976886
N20261010-S014,N20261010,2026-10-11T03:30:00Z,900,true,1.176721,0.916313,0.957950,0.965791
N20261010-S015,N20261010,2026-10-11T03:45:00Z,900,true,1.116227,0.911651,0.932380,0.981787
N20261010-S016,N20261010,2026-10-11T04:00:00Z,900,true,1.201846,0.925048,0.962625,0.975668
N20261010-S017,N20261010,2026-10-11T04:15:00Z,900,true,1.208620,0.927388,0.948631,0.968500
N20261010-S018,N20261010,2026-10-11T04:30:00Z,900,true,1.270389,0.887933,0.942808,0.969700
N20261010-S019,N20261010,2026-10-11T04:45:00Z,900,true,1.278957,0.888444,0.944794,0.989072
N20261010-S020,N20261010,2026-10-11T05:00:00Z,900,true,1.218792,0.902213,0.940348,0.972762
N20261010-S021,N20261010,2026-10-11T05:15:00Z,900,true,1.293238,0.896938,0.972493,0.988133
N20261010-S022,N20261010,2026-10-11T05:30:00Z,900,true,1.291551,0.872014,0.940512,0.973873
N20261010-S023,N20261010,2026-10-11T05:45:00Z,900,true,1.334213,0.895331,0.967404,0.979795
N20261010-S024,N20261010,2026-10-11T06:00:00Z,900,true,1.326128,0.887146,0.940418,0.968062
N20261010-S025,N20261010,2026-10-11T06:15:00Z,900,true,1.271439,0.881322,0.954909,0.991763
N20261010-S026,N20261010,2026-10-11T06:30:00Z,900,true,1.316329,0.892287,0.963404,0.985026
N20261010-S027,N20261010,2026-10-11T06:45:00Z,900,true,1.244447,0.897386,0.947221,0.962609
N20261010-S028,N20261010,2026-10-11T07:00:00Z,900,true,1.326310,0.891548,0.949790,0.977054
N20261010-S029,N20261010,2026-10-11T07:15:00Z,900,true,1.253376,0.900820,0.937303,0.965649
N20261010-S030,N20261010,2026-10-11T07:30:00Z,900,true,1.247148,0.886086,0.967879,0.964653
N20261010-S031,N20261010,2026-10-11T07:45:00Z,900,true,1.247819,0.887870,0.945066,0.985527
N20261010-S032,N20261010,2026-10-11T08:00:00Z,900,true,1.197512,0.891525,0.925367,0.972023
N20261010-S033,N20261010,2026-10-11T08:15:00Z,900,true,1.153100,0.918316,0.945571,0.970886
N20261010-S034,N20261010,2026-10-11T08:30:00Z,900,true,1.146666,0.906488,0.953187,0.952919
N20261011-S001,N20261011,2026-10-12T00:15:00Z,900,true,1.109175,0.930816,0.945284,0.961092
N20261011-S002,N20261011,2026-10-12T00:30:00Z,900,true,1.092362,0.942758,0.929748,0.958234
N20261011-S003,N20261011,2026-10-12T00:45:00Z,900,true,1.086248,0.942335,0.916718,0.948327
N20261011-S004,N20261011,2026-10-12T01:00:00Z,900,true,1.095244,0.949834,0.936478,0.965400
N20261011-S005,N20261011,2026-10-12T01:15:00Z,900,true,1.042164,0.934785,0.904167,0.960354
N20261011-S006,N20261011,2026-10-12T01:30:00Z,900,true,1.040690,0.936872,0.928057,0.955081
N20261011-S007,N20261011,2026-10-12T01:45:00Z,900,true,1.044700,0.958160,0.931185,0.959175
N20261011-S008,N20261011,2026-10-12T02:00:00Z,900,true,1.084963,0.944914,0.920626,0.951669
N20261011-S009,N20261011,2026-10-12T02:15:00Z,900,true,1.059831,0.973942,0.917936,0.948485
N20261011-S010,N20261011,2026-10-12T02:30:00Z,900,true,1.035762,0.961157,0.898357,0.938628
N20261011-S011,N20261011,2026-10-12T02:45:00Z,900,true,1.062425,0.962318,0.918372,0.926616
N20261011-S012,N20261011,2026-10-12T03:00:00Z,900,true,1.099086,0.968208,0.900488,0.948625
N20261011-S013,N20261011,2026-10-12T03:15:00Z,900,true,1.059802,0.956972,0.890692,0.943939
N20261011-S014,N20261011,2026-10-12T03:30:00Z,900,true,1.074275,0.949046,0.892347,0.913030
N20261011-S015,N20261011,2026-10-12T03:45:00Z,900,true,1.113420,0.946965,0.896119,0.936349
N20261011-S016,N20261011,2026-10-12T04:00:00Z,900,true,1.133823,0.938096,0.884206,0.938376
N20261011-S017,N20261011,2026-10-12T04:15:00Z,900,true,1.127624,0.948246,0.892682,0.925886
N20261011-S018,N20261011,2026-10-12T04:30:00Z,900,true,1.198503,0.930493,0.906151,0.935585
N20261011-S019,N20261011,2026-10-12T04:45:00Z,900,true,1.175298,0.915431,0.895615,0.940874
N20261011-S020,N20261011,2026-10-12T05:00:00Z,900,true,1.212471,0.907059,0.920750,0.931486
N20261011-S021,N20261011,2026-10-12T05:15:00Z,900,true,1.210189,0.923394,0.891684,0.916699
N20261011-S022,N20261011,2026-10-12T05:30:00Z,900,true,1.260191,0.881734,0.893496,0.905708
N20261011-S023,N20261011,2026-10-12T05:45:00Z,900,true,1.227037,0.911261,0.908255,0.916826
N20261011-S024,N20261011,2026-10-12T06:00:00Z,900,true,1.234488,0.874943,0.917233,0.931319
N20261011-S025,N20261011,2026-10-12T06:15:00Z,900,true,1.247798,0.899542,0.900747,0.934174
N20261011-S026,N20261011,2026-10-12T06:30:00Z,900,true,1.318082,0.874915,0.903804,0.904954
N20261011-S027,N20261011,2026-10-12T06:45:00Z,900,true,1.273474,0.882352,0.920992,0.924697
N20261011-S028,N20261011,2026-10-12T07:00:00Z,900,true,1.325026,0.885864,0.900300,0.917778
N20261011-S029,N20261011,2026-10-12T07:15:00Z,900,true,1.320095,0.895305,0.914636,0.916320
N20261011-S030,N20261011,2026-10-12T07:30:00Z,900,true,1.315636,0.876649,0.938953,0.922277
N20261011-S031,N20261011,2026-10-12T07:45:00Z,900,true,1.264807,0.882183,0.937417,0.918749
N20261011-S032,N20261011,2026-10-12T08:00:00Z,900,true,1.286281,0.885599,0.942370,0.922182
N20261011-S033,N20261011,2026-10-12T08:15:00Z,900,true,1.243762,0.887647,0.952257,0.918372
N20261011-S034,N20261011,2026-10-12T08:30:00Z,900,true,1.257206,0.897558,0.921275,0.930308
N20261012-S001,N20261012,2026-10-13T00:15:00Z,900,true,1.262652,0.916123,0.950002,0.931344
N20261012-S002,N20261012,2026-10-13T00:30:00Z,900,true,1.185745,0.905369,0.954221,0.922309
N20261012-S003,N20261012,2026-10-13T00:45:00Z,900,true,1.210832,0.935471,0.961520,0.935949
N20261012-S004,N20261012,2026-10-13T01:00:00Z,900,true,1.172889,0.934882,0.959942,0.951074
N20261012-S005,N20261012,2026-10-13T01:15:00Z,900,true,1.153257,0.933120,0.953875,0.934856
N20261012-S006,N20261012,2026-10-13T01:30:00Z,900,true,1.107799,0.956852,0.958352,0.969311
N20261012-S007,N20261012,2026-10-13T01:45:00Z,900,true,1.139641,0.949109,0.943712,0.935839
N20261012-S008,N20261012,2026-10-13T02:00:00Z,900,true,1.129361,0.966010,0.956909,0.970237
N20261012-S009,N20261012,2026-10-13T02:15:00Z,900,true,1.089337,0.965279,0.971050,0.973815
N20261012-S010,N20261012,2026-10-13T02:30:00Z,900,true,1.068549,0.939169,0.970256,0.969821
N20261012-S011,N20261012,2026-10-13T02:45:00Z,900,true,1.088927,0.955644,0.942021,0.961702
N20261012-S012,N20261012,2026-10-13T03:00:00Z,900,true,1.011916,0.948758,0.946048,0.963577
N20261012-S013,N20261012,2026-10-13T03:15:00Z,900,true,1.009888,0.973435,0.946274,0.961853
N20261012-S014,N20261012,2026-10-13T03:30:00Z,900,true,1.047067,0.963406,0.960077,0.968074
N20261012-S015,N20261012,2026-10-13T03:45:00Z,900,true,1.070353,0.941952,0.964355,0.953470
N20261012-S016,N20261012,2026-10-13T04:00:00Z,900,true,1.060841,0.940462,0.950193,0.976940
N20261012-S017,N20261012,2026-10-13T04:15:00Z,900,true,1.071683,0.954267,0.946360,0.989324
N20261012-S018,N20261012,2026-10-13T04:30:00Z,900,true,1.079389,0.954963,0.962394,0.959702
N20261012-S019,N20261012,2026-10-13T04:45:00Z,900,true,1.140962,0.942795,0.966291,0.958952
N20261012-S020,N20261012,2026-10-13T05:00:00Z,900,true,1.124978,0.937574,0.946008,0.968150
N20261012-S021,N20261012,2026-10-13T05:15:00Z,900,true,1.124816,0.929336,0.953936,0.992700
N20261012-S022,N20261012,2026-10-13T05:30:00Z,900,true,1.223231,0.917134,0.931420,0.992656
N20261012-S023,N20261012,2026-10-13T05:45:00Z,900,true,1.248569,0.897526,0.958193,0.993556
N20261012-S024,N20261012,2026-10-13T06:00:00Z,900,true,1.223721,0.888605,0.938836,0.999182
N20261012-S025,N20261012,2026-10-13T06:15:00Z,900,true,1.249560,0.910594,0.945630,0.970981
N20261012-S026,N20261012,2026-10-13T06:30:00Z,900,true,1.233989,0.900940,0.914179,0.982074
N20261012-S027,N20261012,2026-10-13T06:45:00Z,900,true,1.275553,0.890652,0.916346,0.981744
N20261012-S028,N20261012,2026-10-13T07:00:00Z,900,true,1.267806,0.883624,0.925200,0.970408
N20261012-S029,N20261012,2026-10-13T07:15:00Z,900,true,1.263020,0.889601,0.903053,0.988967
N20261012-S030,N20261012,2026-10-13T07:30:00Z,900,true,1.319129,0.893536,0.923907,0.968064
N20261012-S031,N20261012,2026-10-13T07:45:00Z,900,true,1.310378,0.873162,0.894892,0.965060
N20261012-S032,N20261012,2026-10-13T08:00:00Z,900,true,1.257188,0.880033,0.919205,0.956770
N20261012-S033,N20261012,2026-10-13T08:15:00Z,900,true,1.250189,0.893186,0.904977,0.951237
N20261012-S034,N20261012,2026-10-13T08:30:00Z,900,true,1.243765,0.868257,0.914447,0.971837
N20261013-S001,N20261013,2026-10-14T00:15:00Z,900,true,1.228777,0.895499,0.889576,0.947242
N20261013-S002,N20261013,2026-10-14T00:30:00Z,900,true,1.281546,0.896852,0.909952,0.948246
N20261013-S003,N20261013,2026-10-14T00:45:00Z,900,true,1.256805,0.890227,0.906832,0.961195
N20261013-S004,N20261013,2026-10-14T01:00:00Z,900,true,1.247953,0.909927,0.920682,0.940773
N20261013-S005,N20261013,2026-10-14T01:15:00Z,900,true,1.243562,0.920553,0.888361,0.956758
N20261013-S006,N20261013,2026-10-14T01:30:00Z,900,true,1.166451,0.908289,0.889615,0.958497
N20261013-S007,N20261013,2026-10-14T01:45:00Z,900,true,1.205129,0.917982,0.888868,0.942804
N20261013-S008,N20261013,2026-10-14T02:00:00Z,900,true,1.112581,0.925303,0.901340,0.936493
N20261013-S009,N20261013,2026-10-14T02:15:00Z,900,true,1.101435,0.935064,0.882023,0.926740
N20261013-S010,N20261013,2026-10-14T02:30:00Z,900,true,1.103307,0.951271,0.911708,0.956402
N20261013-S011,N20261013,2026-10-14T02:45:00Z,900,true,1.085884,0.957676,0.895733,0.957040
N20261013-S012,N20261013,2026-10-14T03:00:00Z,900,true,1.084532,0.953331,0.905875,0.932568
N20261013-S013,N20261013,2026-10-14T03:15:00Z,900,true,1.077014,0.972314,0.910556,0.929776
N20261013-S014,N20261013,2026-10-14T03:30:00Z,900,true,1.003988,0.968684,0.916751,0.916281
N20261013-S015,N20261013,2026-10-14T03:45:00Z,900,true,1.051797,0.955799,0.896169,0.916849
N20261013-S016,N20261013,2026-10-14T04:00:00Z,900,true,1.044551,0.956677,0.927252,0.936047
N20261013-S017,N20261013,2026-10-14T04:15:00Z,900,true,1.094654,0.947194,0.923903,0.925994
N20261013-S018,N20261013,2026-10-14T04:30:00Z,900,true,1.045351,0.947421,0.905089,0.943188
N20261013-S019,N20261013,2026-10-14T04:45:00Z,900,true,1.062703,0.961903,0.915952,0.917191
N20261013-S020,N20261013,2026-10-14T05:00:00Z,900,true,1.055461,0.930357,0.947624,0.929351
N20261013-S021,N20261013,2026-10-14T05:15:00Z,900,true,1.087170,0.929536,0.949445,0.913025
N20261013-S022,N20261013,2026-10-14T05:30:00Z,900,true,1.092787,0.955712,0.949948,0.930553
N20261013-S023,N20261013,2026-10-14T05:45:00Z,900,true,1.175045,0.939274,0.951396,0.917711
N20261013-S024,N20261013,2026-10-14T06:00:00Z,900,true,1.112461,0.931120,0.930025,0.910040
N20261013-S025,N20261013,2026-10-14T06:15:00Z,900,true,1.149274,0.921889,0.937268,0.929656
N20261013-S026,N20261013,2026-10-14T06:30:00Z,900,true,1.156130,0.924683,0.939159,0.928682
N20261013-S027,N20261013,2026-10-14T06:45:00Z,900,true,1.263872,0.903454,0.949203,0.922955
N20261013-S028,N20261013,2026-10-14T07:00:00Z,900,true,1.260813,0.916761,0.957934,0.935794
N20261013-S029,N20261013,2026-10-14T07:15:00Z,900,true,1.237061,0.874928,0.965643,0.940283
N20261013-S030,N20261013,2026-10-14T07:30:00Z,900,true,1.255438,0.884203,0.959700,0.933514
N20261013-S031,N20261013,2026-10-14T07:45:00Z,900,true,1.239401,0.893904,0.977381,0.910670
N20261013-S032,N20261013,2026-10-14T08:00:00Z,900,true,1.251370,0.879557,0.963283,0.926412
N20261013-S033,N20261013,2026-10-14T08:15:00Z,900,true,1.325935,0.875849,0.941155,0.932052
N20261013-S034,N20261013,2026-10-14T08:30:00Z,900,true,1.269393,0.888049,0.958925,0.946334
N20261014-S001,N20261014,2026-10-15T00:15:00Z,900,true,1.345534,0.886744,0.966864,0.929427
N20261014-S002,N20261014,2026-10-15T00:30:00Z,900,true,1.304693,0.889708,0.977093,0.955406
N20261014-S003,N20261014,2026-10-15T00:45:00Z,900,true,1.242866,0.868017,0.971838,0.943049
N20261014-S004,N20261014,2026-10-15T01:00:00Z,900,true,1.295172,0.888072,0.968139,0.929341
N20261014-S005,N20261014,2026-10-15T01:15:00Z,900,true,1.271218,0.913741,0.939840,0.937079
N20261014-S006,N20261014,2026-10-15T01:30:00Z,900,true,1.215618,0.906708,0.963615,0.933222
N20261014-S007,N20261014,2026-10-15T01:45:00Z,900,true,1.227274,0.895832,0.933367,0.963734
N20261014-S008,N20261014,2026-10-15T02:00:00Z,900,true,1.220014,0.927436,0.955137,0.969123
N20261014-S009,N20261014,2026-10-15T02:15:00Z,900,true,1.150473,0.906859,0.947698,0.954363
N20261014-S010,N20261014,2026-10-15T02:30:00Z,900,true,1.201879,0.907424,0.957943,0.939429
N20261014-S011,N20261014,2026-10-15T02:45:00Z,900,true,1.098837,0.930381,0.932384,0.954879
N20261014-S012,N20261014,2026-10-15T03:00:00Z,900,true,1.144253,0.940251,0.953260,0.947380
N20261014-S013,N20261014,2026-10-15T03:15:00Z,900,true,1.051271,0.936130,0.930224,0.945967
N20261014-S014,N20261014,2026-10-15T03:30:00Z,900,true,1.064877,0.946253,0.940575,0.954975
N20261014-S015,N20261014,2026-10-15T03:45:00Z,900,true,1.031387,0.941336,0.931343,0.950898
N20261014-S016,N20261014,2026-10-15T04:00:00Z,900,true,1.030388,0.949491,0.916885,0.989348
N20261014-S017,N20261014,2026-10-15T04:15:00Z,900,true,1.069027,0.958848,0.904241,0.977286
N20261014-S018,N20261014,2026-10-15T04:30:00Z,900,true,1.097896,0.948140,0.940039,0.960620
N20261014-S019,N20261014,2026-10-15T04:45:00Z,900,true,1.001552,0.968230,0.935328,0.991563
N20261014-S020,N20261014,2026-10-15T05:00:00Z,900,true,1.077858,0.970380,0.922728,0.958321
N20261014-S021,N20261014,2026-10-15T05:15:00Z,900,true,1.082039,0.959433,0.930180,0.998280
N20261014-S022,N20261014,2026-10-15T05:30:00Z,900,true,1.052844,0.959901,0.901945,0.968696
N20261014-S023,N20261014,2026-10-15T05:45:00Z,900,true,1.048506,0.951930,0.887605,0.982230
N20261014-S024,N20261014,2026-10-15T06:00:00Z,900,true,1.149117,0.945570,0.911831,0.975443
N20261014-S025,N20261014,2026-10-15T06:15:00Z,900,true,1.115305,0.931869,0.897739,0.986502
N20261014-S026,N20261014,2026-10-15T06:30:00Z,900,true,1.102726,0.945512,0.882547,0.997685
N20261014-S027,N20261014,2026-10-15T06:45:00Z,900,true,1.148322,0.931866,0.898977,0.997467
N20261014-S028,N20261014,2026-10-15T07:00:00Z,900,true,1.221804,0.923118,0.906952,0.961585
N20261014-S029,N20261014,2026-10-15T07:15:00Z,900,true,1.247712,0.892861,0.910093,0.965925
N20261014-S030,N20261014,2026-10-15T07:30:00Z,900,true,1.204271,0.917431,0.910876,0.962874
N20261014-S031,N20261014,2026-10-15T07:45:00Z,900,true,1.211490,0.910818,0.903757,0.994610
N20261014-S032,N20261014,2026-10-15T08:00:00Z,900,true,1.303065,0.893753,0.910683,0.973699
N20261014-S033,N20261014,2026-10-15T08:15:00Z,900,true,1.246520,0.905249,0.909733,0.972305
N20261014-S034,N20261014,2026-10-15T08:30:00Z,900,true,1.270888,0.883607,0.885803,0.964338
N20261015-S001,N20261015,2026-10-16T00:15:00Z,900,true,1.333551,0.878807,0.889578,0.968416
N20261015-S002,N20261015,2026-10-16T00:30:00Z,900,true,1.252328,0.893112,0.909244,0.958808
N20261015-S003,N20261015,2026-10-16T00:45:00Z,900,true,1.330802,0.885018,0.927479,0.966984
N20261015-S004,N20261015,2026-10-16T01:00:00Z,900,true,1.294194,0.865219,0.895387,0.972419
N20261015-S005,N20261015,2026-10-16T01:15:00Z,900,true,1.307602,0.895612,0.922188,0.966749
N20261015-S006,N20261015,2026-10-16T01:30:00Z,900,true,1.271907,0.874605,0.929721,0.962616
N20261015-S007,N20261015,2026-10-16T01:45:00Z,900,true,1.232797,0.904671,0.907430,0.935748
N20261015-S008,N20261015,2026-10-16T02:00:00Z,900,true,1.214141,0.905382,0.942989,0.963252
N20261015-S009,N20261015,2026-10-16T02:15:00Z,900,true,1.196916,0.900193,0.918608,0.935342
N20261015-S010,N20261015,2026-10-16T02:30:00Z,900,true,1.203845,0.888403,0.922031,0.958443
N20261015-S011,N20261015,2026-10-16T02:45:00Z,900,true,1.176218,0.924521,0.939120,0.925983
N20261015-S012,N20261015,2026-10-16T03:00:00Z,900,true,1.164822,0.934011,0.929013,0.933701
N20261015-S013,N20261015,2026-10-16T03:15:00Z,900,true,1.180627,0.938293,0.956936,0.947961
N20261015-S014,N20261015,2026-10-16T03:30:00Z,900,true,1.136337,0.925818,0.933065,0.920558
N20261015-S015,N20261015,2026-10-16T03:45:00Z,900,true,1.143423,0.919217,0.952258,0.947966
N20261015-S016,N20261015,2026-10-16T04:00:00Z,900,true,1.096482,0.940997,0.933663,0.930465
N20261015-S017,N20261015,2026-10-16T04:15:00Z,900,true,1.132057,0.935291,0.935892,0.937261
N20261015-S018,N20261015,2026-10-16T04:30:00Z,900,true,1.025795,0.960571,0.965330,0.920764
N20261015-S019,N20261015,2026-10-16T04:45:00Z,900,true,1.088486,0.961293,0.946389,0.940190
N20261015-S020,N20261015,2026-10-16T05:00:00Z,900,true,1.086927,0.957131,0.951782,0.932693
N20261015-S021,N20261015,2026-10-16T05:15:00Z,900,true,1.072384,0.957402,0.961541,0.937640
N20261015-S022,N20261015,2026-10-16T05:30:00Z,900,true,1.055299,0.958524,0.967070,0.907930
N20261015-S023,N20261015,2026-10-16T05:45:00Z,900,true,1.009617,0.963939,0.951064,0.920364
N20261015-S024,N20261015,2026-10-16T06:00:00Z,900,true,1.027938,0.946362,0.946745,0.929646
N20261015-S025,N20261015,2026-10-16T06:15:00Z,900,true,1.036286,0.941143,0.978018,0.913936
N20261015-S026,N20261015,2026-10-16T06:30:00Z,900,true,1.119980,0.953360,0.976158,0.912272
N20261015-S027,N20261015,2026-10-16T06:45:00Z,900,true,1.132088,0.961227,0.969738,0.922172
N20261015-S028,N20261015,2026-10-16T07:00:00Z,900,true,1.086586,0.926057,0.959669,0.907690
N20261015-S029,N20261015,2026-10-16T07:15:00Z,900,true,1.182051,0.932768,0.946870,0.929432
N20261015-S030,N20261015,2026-10-16T07:30:00Z,900,true,1.117960,0.925686,0.939902,0.942449
N20261015-S031,N20261015,2026-10-16T07:45:00Z,900,true,1.186275,0.932516,0.931944,0.913983
N20261015-S032,N20261015,2026-10-16T08:00:00Z,900,true,1.195922,0.928338,0.936481,0.934462
N20261015-S033,N20261015,2026-10-16T08:15:00Z,900,true,1.214263,0.895084,0.950983,0.929889
N20261015-S034,N20261015,2026-10-16T08:30:00Z,900,true,1.199499,0.885367,0.948426,0.925471
N20261016-S001,N20261016,2026-10-17T00:15:00Z,900,true,1.239131,0.906933,0.947213,0.941739
N20261016-S002,N20261016,2026-10-17T00:30:00Z,900,true,1.267974,0.886796,0.929047,0.927228
N20261016-S003,N20261016,2026-10-17T00:45:00Z,900,true,1.285716,0.873600,0.913953,0.935752
N20261016-S004,N20261016,2026-10-17T01:00:00Z,900,true,1.258977,0.884450,0.919988,0.920812
N20261016-S005,N20261016,2026-10-17T01:15:00Z,900,true,1.344142,0.883224,0.940199,0.936221
N20261016-S006,N20261016,2026-10-17T01:30:00Z,900,true,1.304761,0.886430,0.921923,0.955013
N20261016-S007,N20261016,2026-10-17T01:45:00Z,900,true,1.295443,0.892825,0.903046,0.931407
N20261016-S008,N20261016,2026-10-17T02:00:00Z,900,true,1.335339,0.875033,0.898815,0.956835
N20261016-S009,N20261016,2026-10-17T02:15:00Z,900,true,1.235810,0.875667,0.925861,0.940126
N20261016-S010,N20261016,2026-10-17T02:30:00Z,900,true,1.316851,0.875490,0.895075,0.955620
N20261016-S011,N20261016,2026-10-17T02:45:00Z,900,false,,,,
N20261016-S012,N20261016,2026-10-17T03:00:00Z,900,false,,,,
N20261016-S013,N20261016,2026-10-17T03:15:00Z,900,false,,,,
N20261016-S014,N20261016,2026-10-17T03:30:00Z,900,false,,,,
N20261016-S015,N20261016,2026-10-17T03:45:00Z,900,false,,,,
N20261016-S016,N20261016,2026-10-17T04:00:00Z,900,false,,,,
N20261016-S017,N20261016,2026-10-17T04:15:00Z,900,false,,,,
N20261016-S018,N20261016,2026-10-17T04:30:00Z,900,false,,,,
N20261016-S019,N20261016,2026-10-17T04:45:00Z,900,false,,,,
N20261016-S020,N20261016,2026-10-17T05:00:00Z,900,false,,,,
N20261016-S021,N20261016,2026-10-17T05:15:00Z,900,false,,,,
N20261016-S022,N20261016,2026-10-17T05:30:00Z,900,false,,,,
N20261016-S023,N20261016,2026-10-17T05:45:00Z,900,false,,,,
N20261016-S024,N20261016,2026-10-17T06:00:00Z,900,false,,,,
N20261016-S025,N20261016,2026-10-17T06:15:00Z,900,false,,,,
N20261016-S026,N20261016,2026-10-17T06:30:00Z,900,false,,,,
N20261016-S027,N20261016,2026-10-17T06:45:00Z,900,false,,,,
N20261016-S028,N20261016,2026-10-17T07:00:00Z,900,false,,,,
N20261016-S029,N20261016,2026-10-17T07:15:00Z,900,false,,,,
N20261016-S030,N20261016,2026-10-17T07:30:00Z,900,true,1.087964,0.947446,0.936917,0.995333
N20261016-S031,N20261016,2026-10-17T07:45:00Z,900,true,1.104167,0.931619,0.938523,0.964995
N20261016-S032,N20261016,2026-10-17T08:00:00Z,900,true,1.100283,0.914432,0.911089,0.977952
N20261016-S033,N20261016,2026-10-17T08:15:00Z,900,true,1.149635,0.923540,0.931857,0.973995
N20261016-S034,N20261016,2026-10-17T08:30:00Z,900,true,1.235036,0.929519,0.948991,0.956739
N20261017-S001,N20261017,2026-10-18T00:15:00Z,900,true,1.205346,0.921605,0.945880,0.980339
N20261017-S002,N20261017,2026-10-18T00:30:00Z,900,true,1.186391,0.889876,0.942858,0.987450
N20261017-S003,N20261017,2026-10-18T00:45:00Z,900,true,1.266488,0.916307,0.953841,0.961252
N20261017-S004,N20261017,2026-10-18T01:00:00Z,900,true,1.224532,0.885842,0.950699,0.976303
N20261017-S005,N20261017,2026-10-18T01:15:00Z,900,true,1.275912,0.905997,0.963841,0.971939
N20261017-S006,N20261017,2026-10-18T01:30:00Z,900,true,1.321896,0.899608,0.956939,0.941877
N20261017-S007,N20261017,2026-10-18T01:45:00Z,900,true,1.279244,0.893426,0.972896,0.973633
N20261017-S008,N20261017,2026-10-18T02:00:00Z,900,true,1.308604,0.885330,0.969832,0.967723
N20261017-S009,N20261017,2026-10-18T02:15:00Z,900,true,1.302756,0.895688,0.937383,0.935122
N20261017-S010,N20261017,2026-10-18T02:30:00Z,900,true,1.280659,0.886368,0.957694,0.957853
N20261017-S011,N20261017,2026-10-18T02:45:00Z,900,true,1.318913,0.863330,0.954909,0.953945
N20261017-S012,N20261017,2026-10-18T03:00:00Z,900,true,1.286276,0.895814,0.977722,0.933466
N20261017-S013,N20261017,2026-10-18T03:15:00Z,900,true,1.251762,0.894618,0.955574,0.933830
N20261017-S014,N20261017,2026-10-18T03:30:00Z,900,true,1.277074,0.892487,0.940860,0.923776
N20261017-S015,N20261017,2026-10-18T03:45:00Z,900,true,1.232515,0.910474,0.946186,0.918126
N20261017-S016,N20261017,2026-10-18T04:00:00Z,900,true,1.251851,0.897456,0.975392,0.921972
N20261017-S017,N20261017,2026-10-18T04:15:00Z,900,true,1.245582,0.923764,0.964774,0.942377
N20261017-S018,N20261017,2026-10-18T04:30:00Z,900,true,1.138881,0.935770,0.959770,0.930290
N20261017-S019,N20261017,2026-10-18T04:45:00Z,900,true,1.166655,0.913640,0.956956,0.937696
N20261017-S020,N20261017,2026-10-18T05:00:00Z,900,true,1.094205,0.934885,0.932361,0.911374
N20261017-S021,N20261017,2026-10-18T05:15:00Z,900,true,1.085317,0.948217,0.950407,0.934748
N20261017-S022,N20261017,2026-10-18T05:30:00Z,900,true,1.084737,0.945333,0.935918,0.920038
N20261017-S023,N20261017,2026-10-18T05:45:00Z,900,true,1.068738,0.959516,0.960870,0.923048
N20261017-S024,N20261017,2026-10-18T06:00:00Z,900,true,1.088960,0.935030,0.940094,0.909469
N20261017-S025,N20261017,2026-10-18T06:15:00Z,900,true,1.065941,0.948424,0.942127,0.912059
N20261017-S026,N20261017,2026-10-18T06:30:00Z,900,true,1.099511,0.970805,0.915420,0.907341
N20261017-S027,N20261017,2026-10-18T06:45:00Z,900,true,1.036907,0.954921,0.945846,0.906154
N20261017-S028,N20261017,2026-10-18T07:00:00Z,900,true,1.072800,0.959768,0.946285,0.920172
N20261017-S029,N20261017,2026-10-18T07:15:00Z,900,true,1.046955,0.975170,0.936982,0.917744
N20261017-S030,N20261017,2026-10-18T07:30:00Z,900,true,1.111865,0.968961,0.913307,0.906584
N20261017-S031,N20261017,2026-10-18T07:45:00Z,900,true,1.050934,0.951997,0.905017,0.920595
N20261017-S032,N20261017,2026-10-18T08:00:00Z,900,true,1.051304,0.947106,0.907012,0.919994
N20261017-S033,N20261017,2026-10-18T08:15:00Z,900,true,1.144376,0.928759,0.931325,0.907726
N20261017-S034,N20261017,2026-10-18T08:30:00Z,900,true,1.127429,0.945838,0.900348,0.908536
N20261018-S001,N20261018,2026-10-19T00:15:00Z,900,true,1.107017,0.934799,0.917410,0.920291
N20261018-S002,N20261018,2026-10-19T00:30:00Z,900,true,1.205168,0.926305,0.906704,0.941320
N20261018-S003,N20261018,2026-10-19T00:45:00Z,900,true,1.221701,0.919363,0.899441,0.947971
N20261018-S004,N20261018,2026-10-19T01:00:00Z,900,true,1.230688,0.901171,0.914467,0.945420
N20261018-S005,N20261018,2026-10-19T01:15:00Z,900,true,1.191802,0.914031,0.894761,0.937704
N20261018-S006,N20261018,2026-10-19T01:30:00Z,900,true,1.196474,0.909158,0.910283,0.938740
N20261018-S007,N20261018,2026-10-19T01:45:00Z,900,true,1.215262,0.894141,0.895161,0.939315
N20261018-S008,N20261018,2026-10-19T02:00:00Z,900,true,1.324370,0.888777,0.913451,0.954780
N20261018-S009,N20261018,2026-10-19T02:15:00Z,900,true,1.275408,0.884567,0.919046,0.947775
N20261018-S010,N20261018,2026-10-19T02:30:00Z,900,true,1.247723,0.865277,0.908303,0.956233
N20261018-S011,N20261018,2026-10-19T02:45:00Z,900,true,1.251703,0.876815,0.907585,0.954101
N20261018-S012,N20261018,2026-10-19T03:00:00Z,900,true,1.266852,0.869177,0.896287,0.945030
N20261018-S013,N20261018,2026-10-19T03:15:00Z,900,true,1.317667,0.896706,0.922934,0.969336
N20261018-S014,N20261018,2026-10-19T03:30:00Z,900,true,1.257503,0.890881,0.923608,0.969077
N20261018-S015,N20261018,2026-10-19T03:45:00Z,900,true,1.272308,0.881721,0.924634,0.958106
N20261018-S016,N20261018,2026-10-19T04:00:00Z,900,true,1.270434,0.870749,0.916464,0.961572
N20261018-S017,N20261018,2026-10-19T04:15:00Z,900,true,1.268159,0.881467,0.910899,0.982421
N20261018-S018,N20261018,2026-10-19T04:30:00Z,900,true,1.203853,0.897654,0.909896,0.978020
N20261018-S019,N20261018,2026-10-19T04:45:00Z,900,true,1.187384,0.908763,0.935940,0.954255
N20261018-S020,N20261018,2026-10-19T05:00:00Z,900,true,1.240628,0.928697,0.924526,0.983098
N20261018-S021,N20261018,2026-10-19T05:15:00Z,900,true,1.134596,0.919490,0.937019,0.968791
N20261018-S022,N20261018,2026-10-19T05:30:00Z,900,true,1.115382,0.930861,0.947786,0.992057
N20261018-S023,N20261018,2026-10-19T05:45:00Z,900,true,1.120555,0.944159,0.937753,0.975469
N20261018-S024,N20261018,2026-10-19T06:00:00Z,900,true,1.145600,0.936817,0.925872,0.991358
N20261018-S025,N20261018,2026-10-19T06:15:00Z,900,true,1.085021,0.929375,0.954390,0.979894
N20261018-S026,N20261018,2026-10-19T06:30:00Z,900,true,1.110548,0.951887,0.934519,0.984423
N20261018-S027,N20261018,2026-10-19T06:45:00Z,900,true,1.057846,0.971799,0.965863,0.966293
N20261018-S028,N20261018,2026-10-19T07:00:00Z,900,true,1.037033,0.965696,0.968488,0.987927
N20261018-S029,N20261018,2026-10-19T07:15:00Z,900,true,1.015205,0.959784,0.950936,0.988804
N20261018-S030,N20261018,2026-10-19T07:30:00Z,900,true,1.099823,0.942621,0.953337,0.962235
N20261018-S031,N20261018,2026-10-19T07:45:00Z,900,true,1.003662,0.949183,0.964074,0.969042
N20261018-S032,N20261018,2026-10-19T08:00:00Z,900,true,1.029560,0.961001,0.950789,0.977680
N20261018-S033,N20261018,2026-10-19T08:15:00Z,900,true,1.049939,0.949383,0.942696,0.964159
N20261018-S034,N20261018,2026-10-19T08:30:00Z,900,true,1.082754,0.954225,0.972245,0.974716
N20261019-S001,N20261019,2026-10-20T00:15:00Z,900,true,1.126505,0.953907,0.963562,0.992484
N20261019-S002,N20261019,2026-10-20T00:30:00Z,900,true,1.073115,0.956884,0.963623,0.975100
N20261019-S003,N20261019,2026-10-20T00:45:00Z,900,true,1.079510,0.936974,0.944826,0.980637
N20261019-S004,N20261019,2026-10-20T01:00:00Z,900,true,1.120511,0.948522,0.960693,0.966745
N20261019-S005,N20261019,2026-10-20T01:15:00Z,900,true,1.175800,0.903548,0.970015,0.949077
N20261019-S006,N20261019,2026-10-20T01:30:00Z,900,true,1.207279,0.920264,0.958010,0.955826
N20261019-S007,N20261019,2026-10-20T01:45:00Z,900,true,1.197867,0.897386,0.971808,0.950206
N20261019-S008,N20261019,2026-10-20T02:00:00Z,900,true,1.240061,0.906208,0.934980,0.950135
N20261019-S009,N20261019,2026-10-20T02:15:00Z,900,true,1.202343,0.884410,0.951203,0.940903
N20261019-S010,N20261019,2026-10-20T02:30:00Z,900,true,1.282477,0.884382,0.958587,0.936698
N20261019-S011,N20261019,2026-10-20T02:45:00Z,900,true,1.270025,0.880893,0.957461,0.952657
N20261019-S012,N20261019,2026-10-20T03:00:00Z,900,true,1.325544,0.882984,0.956408,0.965098
N20261019-S013,N20261019,2026-10-20T03:15:00Z,900,true,1.318188,0.882196,0.937128,0.951118
N20261019-S014,N20261019,2026-10-20T03:30:00Z,900,true,1.345001,0.888903,0.929038,0.931318
N20261019-S015,N20261019,2026-10-20T03:45:00Z,900,true,1.257574,0.866641,0.952022,0.951073
N20261019-S016,N20261019,2026-10-20T04:00:00Z,900,true,1.254666,0.884464,0.924615,0.935367
N20261019-S017,N20261019,2026-10-20T04:15:00Z,900,true,1.269393,0.881331,0.914953,0.920994
N20261019-S018,N20261019,2026-10-20T04:30:00Z,900,true,1.302709,0.878751,0.931478,0.929887
N20261019-S019,N20261019,2026-10-20T04:45:00Z,900,true,1.266361,0.887099,0.934203,0.938701
N20261019-S020,N20261019,2026-10-20T05:00:00Z,900,true,1.282594,0.892624,0.931271,0.926165
N20261019-S021,N20261019,2026-10-20T05:15:00Z,900,true,1.277900,0.881690,0.900449,0.928196
N20261019-S022,N20261019,2026-10-20T05:30:00Z,900,true,1.253670,0.902663,0.906338,0.910179
N20261019-S023,N20261019,2026-10-20T05:45:00Z,900,true,1.233814,0.894995,0.923683,0.924534
N20261019-S024,N20261019,2026-10-20T06:00:00Z,900,true,1.157278,0.906522,0.925055,0.906679
N20261019-S025,N20261019,2026-10-20T06:15:00Z,900,true,1.159246,0.939329,0.903867,0.940131
N20261019-S026,N20261019,2026-10-20T06:30:00Z,900,true,1.165217,0.939337,0.892794,0.906909
N20261019-S027,N20261019,2026-10-20T06:45:00Z,900,true,1.092856,0.935377,0.883759,0.927416
N20261019-S028,N20261019,2026-10-20T07:00:00Z,900,true,1.080313,0.960316,0.901444,0.903545
N20261019-S029,N20261019,2026-10-20T07:15:00Z,900,true,1.066769,0.965673,0.909380,0.936457
N20261019-S030,N20261019,2026-10-20T07:30:00Z,900,true,1.054393,0.954930,0.903214,0.905111
N20261019-S031,N20261019,2026-10-20T07:45:00Z,900,true,1.049488,0.953843,0.894726,0.933872
N20261019-S032,N20261019,2026-10-20T08:00:00Z,900,true,1.056401,0.943808,0.920056,0.910886
N20261019-S033,N20261019,2026-10-20T08:15:00Z,900,true,1.042869,0.974787,0.916860,0.937484
N20261020-S001,N20261020,2026-10-21T00:15:00Z,900,true,1.075381,0.971926,0.900632,0.924650
N20261020-S002,N20261020,2026-10-21T00:30:00Z,900,true,1.086960,0.973048,0.913758,0.906157
N20261020-S003,N20261020,2026-10-21T00:45:00Z,900,true,1.032822,0.961887,0.921945,0.934983
N20261020-S004,N20261020,2026-10-21T01:00:00Z,900,true,1.049982,0.949676,0.905234,0.912383
N20261020-S005,N20261020,2026-10-21T01:15:00Z,900,true,1.138610,0.957475,0.900492,0.937678
N20261020-S006,N20261020,2026-10-21T01:30:00Z,900,true,1.074030,0.939707,0.920556,0.936029
N20261020-S007,N20261020,2026-10-21T01:45:00Z,900,true,1.101343,0.953228,0.907453,0.916827
N20261020-S008,N20261020,2026-10-21T02:00:00Z,900,true,1.189078,0.930875,0.934516,0.953373
N20261020-S009,N20261020,2026-10-21T02:15:00Z,900,true,1.211814,0.907451,0.920203,0.951100
N20261020-S010,N20261020,2026-10-21T02:30:00Z,900,true,1.159180,0.898689,0.920961,0.953015
N20261020-S011,N20261020,2026-10-21T02:45:00Z,900,true,1.250153,0.904638,0.937886,0.958739
N20261020-S012,N20261020,2026-10-21T03:00:00Z,900,true,1.214895,0.908040,0.932001,0.945608
N20261020-S013,N20261020,2026-10-21T03:15:00Z,900,true,1.282401,0.908366,0.914511,0.951820
N20261020-S014,N20261020,2026-10-21T03:30:00Z,900,true,1.260902,0.899157,0.930365,0.966759
N20261020-S015,N20261020,2026-10-21T03:45:00Z,900,true,1.279081,0.892464,0.959285,0.938070
N20261020-S016,N20261020,2026-10-21T04:00:00Z,900,true,1.250678,0.892115,0.928559,0.937326
N20261020-S017,N20261020,2026-10-21T04:15:00Z,900,true,1.329101,0.873857,0.952317,0.975252
N20261020-S018,N20261020,2026-10-21T04:30:00Z,900,true,1.339307,0.896880,0.964908,0.942453
N20261020-S019,N20261020,2026-10-21T04:45:00Z,900,true,1.338686,0.865359,0.937705,0.980740
N20261020-S020,N20261020,2026-10-21T05:00:00Z,900,true,1.316699,0.867154,0.958357,0.973954
N20261020-S021,N20261020,2026-10-21T05:15:00Z,900,true,1.264335,0.866336,0.950216,0.980512
N20261020-S022,N20261020,2026-10-21T05:30:00Z,900,true,1.275379,0.883509,0.937626,0.965855
N20261020-S023,N20261020,2026-10-21T05:45:00Z,900,true,1.294972,0.908779,0.942456,0.980164
N20261020-S024,N20261020,2026-10-21T06:00:00Z,900,true,1.216298,0.889957,0.946986,0.970039
N20261020-S025,N20261020,2026-10-21T06:15:00Z,900,true,1.187093,0.900269,0.948673,0.960800
N20261020-S026,N20261020,2026-10-21T06:30:00Z,900,true,1.168474,0.902000,0.947082,0.964952
N20261020-S027,N20261020,2026-10-21T06:45:00Z,900,true,1.221421,0.912987,0.947855,0.995528
N20261020-S028,N20261020,2026-10-21T07:00:00Z,900,true,1.187712,0.932883,0.957878,0.990094
N20261020-S029,N20261020,2026-10-21T07:15:00Z,900,true,1.154784,0.924326,0.961361,0.961300
N20261020-S030,N20261020,2026-10-21T07:30:00Z,900,true,1.127813,0.946454,0.959749,0.994320
N20261020-S031,N20261020,2026-10-21T07:45:00Z,900,true,1.076321,0.949037,0.954224,0.997043
N20261020-S032,N20261020,2026-10-21T08:00:00Z,900,true,1.073508,0.957392,0.936356,0.985080
N20261020-S033,N20261020,2026-10-21T08:15:00Z,900,true,1.106043,0.949662,0.933909,0.975791
N20261021-S001,N20261021,2026-10-22T00:15:00Z,900,true,1.090744,0.935140,0.963606,0.985254
N20261021-S002,N20261021,2026-10-22T00:30:00Z,900,true,1.086958,0.958855,0.957453,0.980201
N20261021-S003,N20261021,2026-10-22T00:45:00Z,900,true,1.055017,0.950217,0.958431,0.988353
N20261021-S004,N20261021,2026-10-22T01:00:00Z,900,true,1.035792,0.974688,0.925342,0.970005
N20261021-S005,N20261021,2026-10-22T01:15:00Z,900,true,1.050153,0.976686,0.939518,0.969359
N20261021-S006,N20261021,2026-10-22T01:30:00Z,900,true,1.090621,0.960507,0.942225,0.981604
N20261021-S007,N20261021,2026-10-22T01:45:00Z,900,true,1.055303,0.943306,0.948991,0.979580
N20261021-S008,N20261021,2026-10-22T02:00:00Z,900,true,1.052348,0.955533,0.941936,0.972115
N20261021-S009,N20261021,2026-10-22T02:15:00Z,900,true,1.071921,0.942014,0.932317,0.948763
N20261021-S010,N20261021,2026-10-22T02:30:00Z,900,true,1.082709,0.928973,0.936778,0.967695
N20261021-S011,N20261021,2026-10-22T02:45:00Z,900,true,1.087982,0.917892,0.907153,0.966388
N20261021-S012,N20261021,2026-10-22T03:00:00Z,900,true,1.173765,0.928170,0.926375,0.939962
N20261021-S013,N20261021,2026-10-22T03:15:00Z,900,true,1.173755,0.912068,0.900706,0.946191
N20261021-S014,N20261021,2026-10-22T03:30:00Z,900,true,1.145986,0.906735,0.910675,0.943047
N20261021-S015,N20261021,2026-10-22T03:45:00Z,900,true,1.253894,0.900926,0.894333,0.957616
N20261021-S016,N20261021,2026-10-22T04:00:00Z,900,true,1.236208,0.919436,0.887726,0.967034
N20261021-S017,N20261021,2026-10-22T04:15:00Z,900,true,1.235898,0.897312,0.887634,0.939594
N20261021-S018,N20261021,2026-10-22T04:30:00Z,900,true,1.229784,0.876676,0.902701,0.962136
N20261021-S019,N20261021,2026-10-22T04:45:00Z,900,true,1.230339,0.871633,0.921016,0.936942
N20261021-S020,N20261021,2026-10-22T05:00:00Z,900,true,1.326819,0.896507,0.880937,0.947687
N20261021-S021,N20261021,2026-10-22T05:15:00Z,900,true,1.327377,0.878016,0.912376,0.918826
N20261021-S022,N20261021,2026-10-22T05:30:00Z,900,true,1.301439,0.864133,0.900100,0.937046
N20261021-S023,N20261021,2026-10-22T05:45:00Z,900,true,1.298142,0.892132,0.903320,0.926508
N20261021-S024,N20261021,2026-10-22T06:00:00Z,900,true,1.319046,0.879542,0.920499,0.942886
N20261021-S025,N20261021,2026-10-22T06:15:00Z,900,true,1.270055,0.873848,0.892453,0.930683
N20261021-S026,N20261021,2026-10-22T06:30:00Z,900,true,1.301039,0.896784,0.895146,0.938800
N20261021-S027,N20261021,2026-10-22T06:45:00Z,900,true,1.216757,0.871480,0.914592,0.920179
N20261021-S028,N20261021,2026-10-22T07:00:00Z,900,true,1.245983,0.879545,0.922634,0.921294
N20261021-S029,N20261021,2026-10-22T07:15:00Z,900,true,1.241375,0.885754,0.908870,0.930518
N20261021-S030,N20261021,2026-10-22T07:30:00Z,900,true,1.206110,0.908288,0.909588,0.907854
N20261021-S031,N20261021,2026-10-22T07:45:00Z,900,true,1.142970,0.911233,0.909587,0.905326
N20261021-S032,N20261021,2026-10-22T08:00:00Z,900,true,1.220823,0.910283,0.925083,0.929815
N20261021-S033,N20261021,2026-10-22T08:15:00Z,900,true,1.119879,0.938398,0.929359,0.927097
N20261022-S001,N20261022,2026-10-23T00:15:00Z,900,true,1.082170,0.931836,0.926875,0.904759
N20261022-S002,N20261022,2026-10-23T00:30:00Z,900,true,1.065107,0.950642,0.936630,0.939779
N20261022-S003,N20261022,2026-10-23T00:45:00Z,900,true,1.077155,0.934302,0.917375,0.908827
N20261022-S004,N20261022,2026-10-23T01:00:00Z,900,true,1.077050,0.959403,0.928618,0.922561
N20261022-S005,N20261022,2026-10-23T01:15:00Z,900,true,1.045368,0.966351,0.948948,0.916910
N20261022-S006,N20261022,2026-10-23T01:30:00Z,900,true,1.067165,0.972682,0.932309,0.917848
N20261022-S007,N20261022,2026-10-23T01:45:00Z,900,true,1.098254,0.950893,0.961378,0.935615
N20261022-S008,N20261022,2026-10-23T02:00:00Z,900,true,1.059794,0.965424,0.939432,0.909736
N20261022-S009,N20261022,2026-10-23T02:15:00Z,900,true,1.040523,0.957562,0.962016,0.926282
N20261022-S010,N20261022,2026-10-23T02:30:00Z,900,true,1.059911,0.975118,0.950577,0.935343
N20261022-S011,N20261022,2026-10-23T02:45:00Z,900,true,1.038105,0.956574,0.955792,0.936504
N20261022-S012,N20261022,2026-10-23T03:00:00Z,900,true,1.062483,0.946182,0.954397,0.919319
N20261022-S013,N20261022,2026-10-23T03:15:00Z,900,true,1.132519,0.936809,0.959439,0.923810
N20261022-S014,N20261022,2026-10-23T03:30:00Z,900,true,1.110740,0.921435,0.954339,0.944335
N20261022-S015,N20261022,2026-10-23T03:45:00Z,900,true,1.148673,0.917078,0.941890,0.959038
N20261022-S016,N20261022,2026-10-23T04:00:00Z,900,true,1.119502,0.939759,0.964599,0.951312
N20261022-S017,N20261022,2026-10-23T04:15:00Z,900,true,1.143653,0.903161,0.974008,0.951503
N20261022-S018,N20261022,2026-10-23T04:30:00Z,900,true,1.145260,0.923586,0.949714,0.955431
N20261022-S019,N20261022,2026-10-23T04:45:00Z,900,true,1.215676,0.924822,0.952285,0.939433
N20261022-S020,N20261022,2026-10-23T05:00:00Z,900,true,1.255326,0.896814,0.944065,0.965090
N20261022-S021,N20261022,2026-10-23T05:15:00Z,900,true,1.232856,0.905456,0.959392,0.970114
N20261022-S022,N20261022,2026-10-23T05:30:00Z,900,true,1.223450,0.897560,0.962321,0.977856
N20261022-S023,N20261022,2026-10-23T05:45:00Z,900,true,1.236284,0.869644,0.971906,0.948249
N20261022-S024,N20261022,2026-10-23T06:00:00Z,900,true,1.274344,0.870271,0.966523,0.949333
N20261022-S025,N20261022,2026-10-23T06:15:00Z,900,true,1.294017,0.889030,0.940768,0.981324
N20261022-S026,N20261022,2026-10-23T06:30:00Z,900,true,1.274845,0.864593,0.955175,0.960750
N20261022-S027,N20261022,2026-10-23T06:45:00Z,900,true,1.273259,0.889689,0.926457,0.958185
N20261022-S028,N20261022,2026-10-23T07:00:00Z,900,true,1.269378,0.893567,0.956330,0.984967
N20261022-S029,N20261022,2026-10-23T07:15:00Z,900,true,1.294236,0.888797,0.933098,0.995859
N20261022-S030,N20261022,2026-10-23T07:30:00Z,900,true,1.251250,0.888976,0.915509,0.962616
N20261022-S031,N20261022,2026-10-23T07:45:00Z,900,true,1.292895,0.883130,0.912815,0.983937
N20261022-S032,N20261022,2026-10-23T08:00:00Z,900,true,1.255517,0.899797,0.909919,0.996321
N20261022-S033,N20261022,2026-10-23T08:15:00Z,900,true,1.252951,0.920931,0.920336,0.966390
N20261023-S001,N20261023,2026-10-24T00:15:00Z,900,true,1.231854,0.893193,0.902702,0.962567
N20261023-S002,N20261023,2026-10-24T00:30:00Z,900,true,1.145400,0.920023,0.901961,0.996212
N20261023-S003,N20261023,2026-10-24T00:45:00Z,900,true,1.139539,0.935120,0.930022,0.984101
N20261023-S004,N20261023,2026-10-24T01:00:00Z,900,true,1.183700,0.923086,0.894117,0.976022
N20261023-S005,N20261023,2026-10-24T01:15:00Z,900,true,1.144503,0.947798,0.912744,0.968914
N20261023-S006,N20261023,2026-10-24T01:30:00Z,900,true,1.108877,0.926514,0.900441,0.990995
N20261023-S007,N20261023,2026-10-24T01:45:00Z,900,true,1.074808,0.938815,0.893823,0.965722
N20261023-S008,N20261023,2026-10-24T02:00:00Z,900,true,1.099718,0.950580,0.903982,0.964450
N20261023-S009,N20261023,2026-10-24T02:15:00Z,900,true,1.097294,0.947082,0.892335,0.959928
N20261023-S010,N20261023,2026-10-24T02:30:00Z,900,true,1.087989,0.951840,0.885493,0.965433
N20261023-S011,N20261023,2026-10-24T02:45:00Z,900,true,1.053411,0.953426,0.897195,0.968155
N20261023-S012,N20261023,2026-10-24T03:00:00Z,900,true,1.033040,0.946770,0.891706,0.976509
N20261023-S013,N20261023,2026-10-24T03:15:00Z,900,true,1.033650,0.960861,0.884625,0.954036
N20261023-S014,N20261023,2026-10-24T03:30:00Z,900,true,1.039464,0.944787,0.902496,0.981295
N20261023-S015,N20261023,2026-10-24T03:45:00Z,900,true,1.077864,0.963292,0.906723,0.968367
N20261023-S016,N20261023,2026-10-24T04:00:00Z,900,true,1.030808,0.962299,0.897588,0.973681
N20261023-S017,N20261023,2026-10-24T04:15:00Z,900,true,1.102635,0.951950,0.898523,0.950761
N20261023-S018,N20261023,2026-10-24T04:30:00Z,900,true,1.144166,0.952398,0.888962,0.952677
N20261023-S019,N20261023,2026-10-24T04:45:00Z,900,true,1.111127,0.945856,0.919103,0.957118
N20261023-S020,N20261023,2026-10-24T05:00:00Z,900,true,1.130727,0.923167,0.920562,0.935605
N20261023-S021,N20261023,2026-10-24T05:15:00Z,900,true,1.188947,0.924033,0.930323,0.939863
N20261023-S022,N20261023,2026-10-24T05:30:00Z,900,true,1.226235,0.899556,0.911356,0.929085
N20261023-S023,N20261023,2026-10-24T05:45:00Z,900,true,1.195780,0.891490,0.901603,0.945767
N20261023-S024,N20261023,2026-10-24T06:00:00Z,900,true,1.193991,0.888310,0.926002,0.941134
N20261023-S025,N20261023,2026-10-24T06:15:00Z,900,true,1.234191,0.911141,0.908131,0.926905
N20261023-S026,N20261023,2026-10-24T06:30:00Z,900,true,1.229570,0.891929,0.910331,0.941257
N20261023-S027,N20261023,2026-10-24T06:45:00Z,900,true,1.261520,0.906704,0.923070,0.925210
N20261023-S028,N20261023,2026-10-24T07:00:00Z,900,true,1.291186,0.866174,0.948116,0.921042
N20261023-S029,N20261023,2026-10-24T07:15:00Z,900,true,1.279482,0.885985,0.946533,0.943557
N20261023-S030,N20261023,2026-10-24T07:30:00Z,900,true,1.306525,0.881526,0.920715,0.929680
N20261023-S031,N20261023,2026-10-24T07:45:00Z,900,true,1.312179,0.896795,0.934107,0.936086
N20261023-S032,N20261023,2026-10-24T08:00:00Z,900,true,1.310981,0.895320,0.942157,0.936112
N20261023-S033,N20261023,2026-10-24T08:15:00Z,900,true,1.244717,0.894589,0.943677,0.914648
N20261024-S001,N20261024,2026-10-25T00:15:00Z,900,true,1.230922,0.876710,0.966781,0.902740
N20261024-S002,N20261024,2026-10-25T00:30:00Z,900,true,1.250268,0.899667,0.962944,0.916716
N20261024-S003,N20261024,2026-10-25T00:45:00Z,900,true,1.298815,0.900239,0.954274,0.911056
N20261024-S004,N20261024,2026-10-25T01:00:00Z,900,true,1.221862,0.911014,0.955885,0.912277
N20261024-S005,N20261024,2026-10-25T01:15:00Z,900,true,1.230693,0.889766,0.968570,0.923114
N20261024-S006,N20261024,2026-10-25T01:30:00Z,900,true,1.233217,0.918194,0.957655,0.927183
N20261024-S007,N20261024,2026-10-25T01:45:00Z,900,true,1.204114,0.910429,0.949038,0.932622
N20261024-S008,N20261024,2026-10-25T02:00:00Z,900,true,1.188961,0.925351,0.962430,0.907674
N20261024-S009,N20261024,2026-10-25T02:15:00Z,900,true,1.103758,0.948713,0.946691,0.906037
N20261024-S010,N20261024,2026-10-25T02:30:00Z,900,true,1.110463,0.952420,0.942064,0.922597
N20261024-S011,N20261024,2026-10-25T02:45:00Z,900,true,1.092017,0.966300,0.949874,0.924370
N20261024-S012,N20261024,2026-10-25T03:00:00Z,900,true,1.048572,0.959354,0.958489,0.910373
N20261024-S013,N20261024,2026-10-25T03:15:00Z,900,true,1.037602,0.961808,0.950084,0.919896
N20261024-S014,N20261024,2026-10-25T03:30:00Z,900,true,1.084407,0.957727,0.943392,0.932633
N20261024-S015,N20261024,2026-10-25T03:45:00Z,900,true,1.054892,0.975014,0.955432,0.915806
N20261024-S016,N20261024,2026-10-25T04:00:00Z,900,true,1.073146,0.976692,0.938929,0.940458
N20261024-S017,N20261024,2026-10-25T04:15:00Z,900,true,1.062657,0.962827,0.955773,0.921420
N20261024-S018,N20261024,2026-10-25T04:30:00Z,900,true,1.038157,0.963928,0.962756,0.935243
N20261024-S019,N20261024,2026-10-25T04:45:00Z,900,true,1.046609,0.959623,0.926451,0.933169
N20261024-S020,N20261024,2026-10-25T05:00:00Z,900,true,1.039523,0.945474,0.937707,0.960230
N20261024-S021,N20261024,2026-10-25T05:15:00Z,900,true,1.054916,0.951229,0.930468,0.960424
N20261024-S022,N20261024,2026-10-25T05:30:00Z,900,true,1.068495,0.959150,0.920187,0.961234
N20261024-S023,N20261024,2026-10-25T05:45:00Z,900,true,1.115120,0.935544,0.928166,0.965533
N20261024-S024,N20261024,2026-10-25T06:00:00Z,900,true,1.121614,0.924458,0.934450,0.944197
N20261024-S025,N20261024,2026-10-25T06:15:00Z,900,true,1.219175,0.930963,0.928449,0.975264
N20261024-S026,N20261024,2026-10-25T06:30:00Z,900,true,1.146201,0.903627,0.927182,0.950636
N20261024-S027,N20261024,2026-10-25T06:45:00Z,900,true,1.210600,0.919417,0.913909,0.963102
N20261024-S028,N20261024,2026-10-25T07:00:00Z,900,true,1.193923,0.905074,0.910273,0.953260
N20261024-S029,N20261024,2026-10-25T07:15:00Z,900,true,1.219058,0.877763,0.928219,0.983410
N20261024-S030,N20261024,2026-10-25T07:30:00Z,900,true,1.237870,0.898961,0.889756,0.975367
N20261024-S031,N20261024,2026-10-25T07:45:00Z,900,true,1.311016,0.895977,0.901852,0.963510
N20261024-S032,N20261024,2026-10-25T08:00:00Z,900,true,1.317580,0.879470,0.894190,0.982374
N20261024-S033,N20261024,2026-10-25T08:15:00Z,900,true,1.261744,0.899301,0.918916,0.964581
N20261025-S001,N20261025,2026-10-26T00:15:00Z,900,true,1.263946,0.861996,0.907676,0.959503
N20261025-S002,N20261025,2026-10-26T00:30:00Z,900,true,1.308420,0.885862,0.882373,0.984943
N20261025-S003,N20261025,2026-10-26T00:45:00Z,900,true,1.323893,0.865554,0.904718,0.962522
N20261025-S004,N20261025,2026-10-26T01:00:00Z,900,true,1.322699,0.873842,0.897715,0.964347
N20261025-S005,N20261025,2026-10-26T01:15:00Z,900,true,1.284794,0.891881,0.906130,0.987388
N20261025-S006,N20261025,2026-10-26T01:30:00Z,900,true,1.234054,0.902284,0.910763,0.975338
N20261025-S007,N20261025,2026-10-26T01:45:00Z,900,true,1.233767,0.878100,0.892593,0.968369
N20261025-S008,N20261025,2026-10-26T02:00:00Z,900,true,1.249221,0.887275,0.920195,0.989352
N20261025-S009,N20261025,2026-10-26T02:15:00Z,900,true,1.193189,0.919016,0.901057,0.963277
N20261025-S010,N20261025,2026-10-26T02:30:00Z,900,true,1.153639,0.898687,0.899726,0.960524
N20261025-S011,N20261025,2026-10-26T02:45:00Z,900,true,1.144435,0.917716,0.919668,0.995643
N20261025-S012,N20261025,2026-10-26T03:00:00Z,900,true,1.107940,0.926924,0.900252,0.974095
N20261025-S013,N20261025,2026-10-26T03:15:00Z,900,true,1.171391,0.944482,0.901405,0.958751
N20261025-S014,N20261025,2026-10-26T03:30:00Z,900,true,1.064952,0.928290,0.914109,0.953274
N20261025-S015,N20261025,2026-10-26T03:45:00Z,900,true,1.124301,0.951398,0.931838,0.969702
N20261025-S016,N20261025,2026-10-26T04:00:00Z,900,true,1.069609,0.937702,0.903116,0.966083
N20261025-S017,N20261025,2026-10-26T04:15:00Z,900,true,1.061711,0.974730,0.937974,0.952933
N20261025-S018,N20261025,2026-10-26T04:30:00Z,900,true,1.012772,0.975893,0.923483,0.949243
N20261025-S019,N20261025,2026-10-26T04:45:00Z,900,true,1.012921,0.971611,0.933884,0.949000
N20261025-S020,N20261025,2026-10-26T05:00:00Z,900,true,1.014257,0.960176,0.945561,0.944955
N20261025-S021,N20261025,2026-10-26T05:15:00Z,900,true,1.040023,0.969545,0.955591,0.965627
N20261025-S022,N20261025,2026-10-26T05:30:00Z,900,true,1.089107,0.943286,0.947534,0.956254
N20261025-S023,N20261025,2026-10-26T05:45:00Z,900,true,1.093062,0.948768,0.945481,0.936418
N20261025-S024,N20261025,2026-10-26T06:00:00Z,900,true,1.113576,0.933407,0.949613,0.938626
N20261025-S025,N20261025,2026-10-26T06:15:00Z,900,true,1.047149,0.933777,0.939320,0.936202
N20261025-S026,N20261025,2026-10-26T06:30:00Z,900,true,1.103025,0.944928,0.962753,0.940242
N20261025-S027,N20261025,2026-10-26T06:45:00Z,900,true,1.117621,0.934523,0.939146,0.930093
N20261025-S028,N20261025,2026-10-26T07:00:00Z,900,true,1.107130,0.932994,0.963368,0.940724
N20261025-S029,N20261025,2026-10-26T07:15:00Z,900,true,1.163300,0.924692,0.974422,0.953350
N20261025-S030,N20261025,2026-10-26T07:30:00Z,900,true,1.228217,0.897906,0.947520,0.943338
N20261025-S031,N20261025,2026-10-26T07:45:00Z,900,true,1.207799,0.905703,0.941603,0.918210
N20261025-S032,N20261025,2026-10-26T08:00:00Z,900,true,1.251710,0.899127,0.967526,0.948141
N20261025-S033,N20261025,2026-10-26T08:15:00Z,900,true,1.291626,0.877851,0.955831,0.912419
N20261026-S001,N20261026,2026-10-27T00:15:00Z,900,true,1.269082,0.880679,0.973357,0.923047
N20261026-S002,N20261026,2026-10-27T00:30:00Z,900,true,1.229850,0.867166,0.978193,0.906244
N20261026-S003,N20261026,2026-10-27T00:45:00Z,900,true,1.317096,0.875839,0.976273,0.942400
N20261026-S004,N20261026,2026-10-27T01:00:00Z,900,true,1.326958,0.890980,0.968460,0.915843
N20261026-S005,N20261026,2026-10-27T01:15:00Z,900,true,1.316466,0.890078,0.967493,0.926232
N20261026-S006,N20261026,2026-10-27T01:30:00Z,900,true,1.347265,0.876727,0.969467,0.911401
N20261026-S007,N20261026,2026-10-27T01:45:00Z,900,true,1.269743,0.886153,0.931688,0.930929
N20261026-S008,N20261026,2026-10-27T02:00:00Z,900,true,1.322437,0.887402,0.967647,0.924119
N20261026-S009,N20261026,2026-10-27T02:15:00Z,900,true,1.317972,0.899966,0.944219,0.914189
N20261026-S010,N20261026,2026-10-27T02:30:00Z,900,true,1.245390,0.903732,0.935754,0.930256
N20261026-S011,N20261026,2026-10-27T02:45:00Z,900,true,1.290664,0.916337,0.925813,0.903473
N20261026-S012,N20261026,2026-10-27T03:00:00Z,900,true,1.190764,0.895432,0.924876,0.936853
N20261026-S013,N20261026,2026-10-27T03:15:00Z,900,true,1.173529,0.923172,0.949834,0.921353
N20261026-S014,N20261026,2026-10-27T03:30:00Z,900,true,1.145842,0.907777,0.944220,0.910210
N20261026-S015,N20261026,2026-10-27T03:45:00Z,900,true,1.137886,0.938626,0.931011,0.919697
N20261026-S016,N20261026,2026-10-27T04:00:00Z,900,true,1.139732,0.931906,0.937311,0.939864
N20261026-S017,N20261026,2026-10-27T04:15:00Z,900,true,1.107273,0.944854,0.900027,0.950055
N20261026-S018,N20261026,2026-10-27T04:30:00Z,900,true,1.154752,0.930537,0.926171,0.929277
N20261026-S019,N20261026,2026-10-27T04:45:00Z,900,true,1.133725,0.933853,0.896745,0.927963
N20261026-S020,N20261026,2026-10-27T05:00:00Z,900,true,1.079419,0.951199,0.897502,0.926147
N20261026-S021,N20261026,2026-10-27T05:15:00Z,900,true,1.043916,0.960829,0.891387,0.939294
N20261026-S022,N20261026,2026-10-27T05:30:00Z,900,true,1.092016,0.953844,0.911333,0.935785
N20261026-S023,N20261026,2026-10-27T05:45:00Z,900,true,1.011429,0.959194,0.923588,0.963343
N20261026-S024,N20261026,2026-10-27T06:00:00Z,900,true,1.065329,0.974007,0.914838,0.963590
N20261026-S025,N20261026,2026-10-27T06:15:00Z,900,true,1.056589,0.947255,0.917487,0.941900
N20261026-S026,N20261026,2026-10-27T06:30:00Z,900,true,1.082106,0.956541,0.882779,0.961395
N20261026-S027,N20261026,2026-10-27T06:45:00Z,900,true,1.028218,0.939740,0.885787,0.968897
N20261026-S028,N20261026,2026-10-27T07:00:00Z,900,true,1.032345,0.950169,0.905217,0.974751
N20261026-S029,N20261026,2026-10-27T07:15:00Z,900,true,1.094443,0.939100,0.917426,0.975504
N20261026-S030,N20261026,2026-10-27T07:30:00Z,900,true,1.061144,0.940789,0.897976,0.966672
N20261026-S031,N20261026,2026-10-27T07:45:00Z,900,true,1.113819,0.932383,0.883286,0.963818
N20261026-S032,N20261026,2026-10-27T08:00:00Z,900,true,1.123969,0.942331,0.905283,0.955385
N20261026-S033,N20261026,2026-10-27T08:15:00Z,900,true,1.135262,0.910496,0.909978,0.986189
N20261027-S001,N20261027,2026-10-28T00:15:00Z,900,true,1.205942,0.922178,0.892213,0.985714
N20261027-S002,N20261027,2026-10-28T00:30:00Z,900,true,1.248837,0.904032,0.900936,0.971335
N20261027-S003,N20261027,2026-10-28T00:45:00Z,900,true,1.265612,0.885114,0.912286,0.971703
N20261027-S004,N20261027,2026-10-28T01:00:00Z,900,true,1.251809,0.908139,0.925478,0.978215
N20261027-S005,N20261027,2026-10-28T01:15:00Z,900,true,1.257550,0.872851,0.903557,0.974136
N20261027-S006,N20261027,2026-10-28T01:30:00Z,900,true,1.231127,0.905456,0.920770,0.987480
N20261027-S007,N20261027,2026-10-28T01:45:00Z,900,true,1.324699,0.873399,0.910052,0.989672
N20261027-S008,N20261027,2026-10-28T02:00:00Z,900,true,1.287841,0.873070,0.913007,0.963806
N20261027-S009,N20261027,2026-10-28T02:15:00Z,900,true,1.349000,0.871356,0.944509,0.963153
N20261027-S010,N20261027,2026-10-28T02:30:00Z,900,true,1.321200,0.874945,0.920591,0.980748
N20261027-S011,N20261027,2026-10-28T02:45:00Z,900,true,1.292146,0.883667,0.922570,0.965561
N20261027-S012,N20261027,2026-10-28T03:00:00Z,900,true,1.300416,0.897031,0.934519,0.998085
N20261027-S013,N20261027,2026-10-28T03:15:00Z,900,true,1.229096,0.882099,0.938061,0.997237
N20261027-S014,N20261027,2026-10-28T03:30:00Z,900,true,1.259029,0.884552,0.952788,0.979929
N20261027-S015,N20261027,2026-10-28T03:45:00Z,900,true,1.229655,0.879282,0.932443,0.966200
N20261027-S016,N20261027,2026-10-28T04:00:00Z,900,true,1.266401,0.912843,0.935582,0.994647
N20261027-S017,N20261027,2026-10-28T04:15:00Z,900,true,1.243922,0.890059,0.956810,0.992886
N20261027-S018,N20261027,2026-10-28T04:30:00Z,900,true,1.218906,0.912522,0.961503,0.960008
N20261027-S019,N20261027,2026-10-28T04:45:00Z,900,true,1.134889,0.912717,0.940016,0.969180
N20261027-S020,N20261027,2026-10-28T05:00:00Z,900,true,1.107647,0.929038,0.944717,0.970267
N20261027-S021,N20261027,2026-10-28T05:15:00Z,900,true,1.083539,0.949153,0.942245,0.960657
N20261027-S022,N20261027,2026-10-28T05:30:00Z,900,true,1.153666,0.936799,0.964704,0.960814
N20261027-S023,N20261027,2026-10-28T05:45:00Z,900,true,1.043055,0.950416,0.949932,0.978000
N20261027-S024,N20261027,2026-10-28T06:00:00Z,900,true,1.064678,0.970479,0.958093,0.939975
N20261027-S025,N20261027,2026-10-28T06:15:00Z,900,true,1.016449,0.962197,0.975700,0.956750
N20261027-S026,N20261027,2026-10-28T06:30:00Z,900,true,1.044259,0.961746,0.948119,0.960391
N20261027-S027,N20261027,2026-10-28T06:45:00Z,900,true,1.093561,0.975989,0.941913,0.956774
N20261027-S028,N20261027,2026-10-28T07:00:00Z,900,true,1.048136,0.943489,0.949895,0.955212
N20261027-S029,N20261027,2026-10-28T07:15:00Z,900,true,1.018939,0.957784,0.969482,0.937276
N20261027-S030,N20261027,2026-10-28T07:30:00Z,900,true,1.018324,0.950780,0.959145,0.923397
N20261027-S031,N20261027,2026-10-28T07:45:00Z,900,true,1.033114,0.941897,0.939492,0.953923
N20261027-S032,N20261027,2026-10-28T08:00:00Z,900,true,1.058593,0.945075,0.948876,0.951236
N20261027-S033,N20261027,2026-10-28T08:15:00Z,900,true,1.062126,0.927000,0.936097,0.950991
N20261028-S001,N20261028,2026-10-29T00:15:00Z,900,true,1.108627,0.947886,0.944278,0.916326
N20261028-S002,N20261028,2026-10-29T00:30:00Z,900,true,1.115549,0.927587,0.953237,0.938374
N20261028-S003,N20261028,2026-10-29T00:45:00Z,900,true,1.171023,0.941143,0.952792,0.927192
N20261028-S004,N20261028,2026-10-29T01:00:00Z,900,true,1.157141,0.930648,0.951950,0.911647
N20261028-S005,N20261028,2026-10-29T01:15:00Z,900,true,1.186349,0.914329,0.946909,0.924950
N20261028-S006,N20261028,2026-10-29T01:30:00Z,900,true,1.205288,0.912347,0.906902,0.914212
N20261028-S007,N20261028,2026-10-29T01:45:00Z,900,true,1.188583,0.902274,0.942317,0.905426
N20261028-S008,N20261028,2026-10-29T02:00:00Z,900,true,1.241419,0.908136,0.902926,0.936885
N20261028-S009,N20261028,2026-10-29T02:15:00Z,900,true,1.219518,0.887923,0.931538,0.900808
N20261028-S010,N20261028,2026-10-29T02:30:00Z,900,true,1.276645,0.877458,0.913479,0.925139
N20261028-S011,N20261028,2026-10-29T02:45:00Z,900,true,1.335974,0.889697,0.923086,0.921285
N20261028-S012,N20261028,2026-10-29T03:00:00Z,900,true,1.261048,0.890084,0.926064,0.938482
N20261028-S013,N20261028,2026-10-29T03:15:00Z,900,true,1.312084,0.863239,0.925765,0.916670
N20261028-S014,N20261028,2026-10-29T03:30:00Z,900,true,1.334888,0.862679,0.918168,0.925869
N20261028-S015,N20261028,2026-10-29T03:45:00Z,900,true,1.340299,0.865178,0.896057,0.906034
N20261028-S016,N20261028,2026-10-29T04:00:00Z,900,true,1.270760,0.901172,0.886570,0.925504
N20261028-S017,N20261028,2026-10-29T04:15:00Z,900,true,1.250272,0.902430,0.909726,0.937678
N20261028-S018,N20261028,2026-10-29T04:30:00Z,900,true,1.219073,0.887172,0.903604,0.934232
N20261028-S019,N20261028,2026-10-29T04:45:00Z,900,true,1.254972,0.879553,0.897742,0.937377
N20261028-S020,N20261028,2026-10-29T05:00:00Z,900,true,1.202219,0.889823,0.880143,0.910963
N20261028-S021,N20261028,2026-10-29T05:15:00Z,900,true,1.207185,0.917061,0.891275,0.931971
N20261028-S022,N20261028,2026-10-29T05:30:00Z,900,true,1.226987,0.918620,0.895649,0.915244
N20261028-S023,N20261028,2026-10-29T05:45:00Z,900,true,1.160286,0.935165,0.920202,0.918322
N20261028-S024,N20261028,2026-10-29T06:00:00Z,900,true,1.171785,0.930731,0.910533,0.920331
N20261028-S025,N20261028,2026-10-29T06:15:00Z,900,true,1.133675,0.937057,0.908262,0.940326
N20261028-S026,N20261028,2026-10-29T06:30:00Z,900,true,1.091179,0.926255,0.915902,0.924555
N20261028-S027,N20261028,2026-10-29T06:45:00Z,900,true,1.124248,0.959890,0.914144,0.926669
N20261028-S028,N20261028,2026-10-29T07:00:00Z,900,true,1.102642,0.961283,0.911880,0.931649
N20261028-S029,N20261028,2026-10-29T07:15:00Z,900,true,1.093151,0.959596,0.898589,0.966359
N20261028-S030,N20261028,2026-10-29T07:30:00Z,900,true,1.068458,0.965170,0.916999,0.935215
N20261028-S031,N20261028,2026-10-29T07:45:00Z,900,true,1.086528,0.947438,0.903948,0.971223
N20261028-S032,N20261028,2026-10-29T08:00:00Z,900,true,1.024121,0.951953,0.910999,0.974052
N20261028-S033,N20261028,2026-10-29T08:15:00Z,900,true,1.074726,0.943131,0.909233,0.959258
N20261029-S001,N20261029,2026-10-30T00:30:00Z,900,true,1.070882,0.956884,0.945190,0.962973
N20261029-S002,N20261029,2026-10-30T00:45:00Z,900,true,1.020374,0.960132,0.927107,0.952684
N20261029-S003,N20261029,2026-10-30T01:00:00Z,900,true,1.064906,0.946866,0.952086,0.962455
N20261029-S004,N20261029,2026-10-30T01:15:00Z,900,true,1.090688,0.964099,0.944336,0.966615
N20261029-S005,N20261029,2026-10-30T01:30:00Z,900,true,1.087071,0.955812,0.942128,0.956328
N20261029-S006,N20261029,2026-10-30T01:45:00Z,900,false,,,,
N20261029-S007,N20261029,2026-10-30T02:00:00Z,900,false,,,,
N20261029-S008,N20261029,2026-10-30T02:15:00Z,900,false,,,,
N20261029-S009,N20261029,2026-10-30T02:30:00Z,900,false,,,,
N20261029-S010,N20261029,2026-10-30T02:45:00Z,900,false,,,,
N20261029-S011,N20261029,2026-10-30T03:00:00Z,900,false,,,,
N20261029-S012,N20261029,2026-10-30T03:15:00Z,900,false,,,,
N20261029-S013,N20261029,2026-10-30T03:30:00Z,900,false,,,,
N20261029-S014,N20261029,2026-10-30T03:45:00Z,900,false,,,,
N20261029-S015,N20261029,2026-10-30T04:00:00Z,900,false,,,,
N20261029-S016,N20261029,2026-10-30T04:15:00Z,900,false,,,,
N20261029-S017,N20261029,2026-10-30T04:30:00Z,900,false,,,,
N20261029-S018,N20261029,2026-10-30T04:45:00Z,900,false,,,,
N20261029-S019,N20261029,2026-10-30T05:00:00Z,900,false,,,,
N20261029-S020,N20261029,2026-10-30T05:15:00Z,900,false,,,,
N20261029-S021,N20261029,2026-10-30T05:30:00Z,900,false,,,,
N20261029-S022,N20261029,2026-10-30T05:45:00Z,900,false,,,,
N20261029-S023,N20261029,2026-10-30T06:00:00Z,900,false,,,,
N20261029-S024,N20261029,2026-10-30T06:15:00Z,900,true,1.189290,0.895310,0.929997,0.969916
N20261029-S025,N20261029,2026-10-30T06:30:00Z,900,true,1.242819,0.918566,0.953473,0.965783
N20261029-S026,N20261029,2026-10-30T06:45:00Z,900,true,1.211327,0.924646,0.930016,0.978201
N20261029-S027,N20261029,2026-10-30T07:00:00Z,900,true,1.199794,0.928582,0.945433,0.964458
N20261029-S028,N20261029,2026-10-30T07:15:00Z,900,true,1.163262,0.938882,0.952518,0.944069
N20261029-S029,N20261029,2026-10-30T07:30:00Z,900,true,1.149044,0.928288,0.941777,0.973257
N20261029-S030,N20261029,2026-10-30T07:45:00Z,900,true,1.093466,0.960497,0.929269,0.971559
N20261029-S031,N20261029,2026-10-30T08:00:00Z,900,true,1.085659,0.954305,0.941962,0.932842
N20261029-S032,N20261029,2026-10-30T08:15:00Z,900,true,1.066026,0.938918,0.911934,0.956237
N20261030-S001,N20261030,2026-10-31T00:30:00Z,900,true,1.024442,0.966830,0.936990,0.958712
N20261030-S002,N20261030,2026-10-31T00:45:00Z,900,true,1.023725,0.938395,0.930936,0.921821
N20261030-S003,N20261030,2026-10-31T01:00:00Z,900,true,1.034244,0.964539,0.908068,0.939753
N20261030-S004,N20261030,2026-10-31T01:15:00Z,900,true,1.053695,0.972082,0.916586,0.955287
N20261030-S005,N20261030,2026-10-31T01:30:00Z,900,true,1.031155,0.977435,0.912414,0.923547
N20261030-S006,N20261030,2026-10-31T01:45:00Z,900,true,1.075412,0.941715,0.923123,0.919349
N20261030-S007,N20261030,2026-10-31T02:00:00Z,900,true,1.022311,0.968465,0.902153,0.910774
N20261030-S008,N20261030,2026-10-31T02:15:00Z,900,true,1.078327,0.939275,0.903517,0.913347
N20261030-S009,N20261030,2026-10-31T02:30:00Z,900,true,1.129865,0.946573,0.881913,0.944005
N20261030-S010,N20261030,2026-10-31T02:45:00Z,900,true,1.157126,0.954960,0.898215,0.913835
N20261030-S011,N20261030,2026-10-31T03:00:00Z,900,true,1.147500,0.916593,0.911410,0.933864
N20261030-S012,N20261030,2026-10-31T03:15:00Z,900,true,1.136216,0.928390,0.916968,0.907980
N20261030-S013,N20261030,2026-10-31T03:30:00Z,900,true,1.174675,0.934610,0.910808,0.940407
N20261030-S014,N20261030,2026-10-31T03:45:00Z,900,true,1.171424,0.919868,0.887681,0.922790
N20261030-S015,N20261030,2026-10-31T04:00:00Z,900,true,1.246809,0.909790,0.889480,0.901863
N20261030-S016,N20261030,2026-10-31T04:15:00Z,900,true,1.244377,0.907879,0.902032,0.903069
N20261030-S017,N20261030,2026-10-31T04:30:00Z,900,true,1.218275,0.901470,0.890718,0.919662
N20261030-S018,N20261030,2026-10-31T04:45:00Z,900,true,1.260516,0.899379,0.915750,0.900500
N20261030-S019,N20261030,2026-10-31T05:00:00Z,900,true,1.291518,0.885597,0.891108,0.908900
N20261030-S020,N20261030,2026-10-31T05:15:00Z,900,true,1.249995,0.873706,0.909940,0.921783
N20261030-S021,N20261030,2026-10-31T05:30:00Z,900,true,1.310548,0.871263,0.905250,0.939157
N20261030-S022,N20261030,2026-10-31T05:45:00Z,900,true,1.344828,0.873999,0.922650,0.935259
N20261030-S023,N20261030,2026-10-31T06:00:00Z,900,true,1.347906,0.899099,0.936288,0.928530
N20261030-S024,N20261030,2026-10-31T06:15:00Z,900,true,1.326299,0.863801,0.906399,0.935132
N20261030-S025,N20261030,2026-10-31T06:30:00Z,900,true,1.258318,0.898873,0.937846,0.933737
N20261030-S026,N20261030,2026-10-31T06:45:00Z,900,true,1.242701,0.882387,0.924170,0.911177
N20261030-S027,N20261030,2026-10-31T07:00:00Z,900,true,1.215324,0.874588,0.935929,0.940447
N20261030-S028,N20261030,2026-10-31T07:15:00Z,900,true,1.261467,0.914934,0.931650,0.917931
N20261030-S029,N20261030,2026-10-31T07:30:00Z,900,true,1.260305,0.902311,0.925485,0.928321
N20261030-S030,N20261030,2026-10-31T07:45:00Z,900,true,1.207998,0.892299,0.941608,0.938830
N20261030-S031,N20261030,2026-10-31T08:00:00Z,900,true,1.233204,0.897173,0.935893,0.923540
N20261030-S032,N20261030,2026-10-31T08:15:00Z,900,true,1.138904,0.933700,0.965777,0.964965
N20261031-S001,N20261031,2026-11-01T00:30:00Z,900,true,1.159193,0.932263,0.952433,0.955517
N20261031-S002,N20261031,2026-11-01T00:45:00Z,900,true,1.167246,0.938596,0.973814,0.935407
N20261031-S003,N20261031,2026-11-01T01:00:00Z,900,true,1.110193,0.952592,0.972329,0.934195
N20261031-S004,N20261031,2026-11-01T01:15:00Z,900,true,1.119152,0.945946,0.973626,0.956022
N20261031-S005,N20261031,2026-11-01T01:30:00Z,900,true,1.053786,0.968136,0.956846,0.969428
N20261031-S006,N20261031,2026-11-01T01:45:00Z,900,true,1.080255,0.970034,0.959511,0.964588
N20261031-S007,N20261031,2026-11-01T02:00:00Z,900,true,1.059844,0.973591,0.978822,0.971866
N20261031-S008,N20261031,2026-11-01T02:15:00Z,900,true,1.022346,0.957693,0.971154,0.952077
N20261031-S009,N20261031,2026-11-01T02:30:00Z,900,true,1.016154,0.964851,0.953351,0.973852
N20261031-S010,N20261031,2026-11-01T02:45:00Z,900,true,1.059415,0.955484,0.964016,0.975422
N20261031-S011,N20261031,2026-11-01T03:00:00Z,900,true,1.082165,0.957237,0.952158,0.976160
N20261031-S012,N20261031,2026-11-01T03:15:00Z,900,true,1.040353,0.949394,0.970908,0.982374
N20261031-S013,N20261031,2026-11-01T03:30:00Z,900,true,1.037943,0.931801,0.948845,0.955921
N20261031-S014,N20261031,2026-11-01T03:45:00Z,900,true,1.122253,0.931078,0.935372,0.992691
N20261031-S015,N20261031,2026-11-01T04:00:00Z,900,true,1.138841,0.926495,0.953355,0.982073
N20261031-S016,N20261031,2026-11-01T04:15:00Z,900,true,1.132401,0.939257,0.954545,0.964522
N20261031-S017,N20261031,2026-11-01T04:30:00Z,900,true,1.188389,0.938609,0.949061,0.968771
N20261031-S018,N20261031,2026-11-01T04:45:00Z,900,true,1.196386,0.930296,0.953549,0.975069
N20261031-S019,N20261031,2026-11-01T05:00:00Z,900,true,1.242522,0.909675,0.921690,0.973555
N20261031-S020,N20261031,2026-11-01T05:15:00Z,900,true,1.264992,0.925157,0.934407,0.985336
N20261031-S021,N20261031,2026-11-01T05:30:00Z,900,true,1.271253,0.914045,0.952324,0.979996
N20261031-S022,N20261031,2026-11-01T05:45:00Z,900,true,1.282491,0.910981,0.948547,0.998126
N20261031-S023,N20261031,2026-11-01T06:00:00Z,900,true,1.305017,0.879561,0.912009,0.959220
N20261031-S024,N20261031,2026-11-01T06:15:00Z,900,true,1.295225,0.871149,0.917973,0.993870
N20261031-S025,N20261031,2026-11-01T06:30:00Z,900,true,1.311673,0.896327,0.914662,0.957635
N20261031-S026,N20261031,2026-11-01T06:45:00Z,900,true,1.271738,0.865497,0.912164,0.991939
N20261031-S027,N20261031,2026-11-01T07:00:00Z,900,true,1.335597,0.878811,0.904963,0.952943
N20261031-S028,N20261031,2026-11-01T07:15:00Z,900,true,1.273499,0.864758,0.923304,0.955433
N20261031-S029,N20261031,2026-11-01T07:30:00Z,900,true,1.253305,0.894827,0.924753,0.985716
N20261031-S030,N20261031,2026-11-01T07:45:00Z,900,true,1.251246,0.872745,0.910351,0.954226
N20261031-S031,N20261031,2026-11-01T08:00:00Z,900,true,1.310700,0.903558,0.906146,0.975156
N20261031-S032,N20261031,2026-11-01T08:15:00Z,900,true,1.268521,0.873592,0.891245,0.942426
N20261101-S001,N20261101,2026-11-02T00:30:00Z,900,true,1.253587,0.903810,0.916847,0.965849
N20261101-S002,N20261101,2026-11-02T00:45:00Z,900,true,1.212759,0.907855,0.919806,0.944459
N20261101-S003,N20261101,2026-11-02T01:00:00Z,900,true,1.250054,0.900829,0.912386,0.956375
N20261101-S004,N20261101,2026-11-02T01:15:00Z,900,true,1.176452,0.913835,0.901725,0.962105
N20261101-S005,N20261101,2026-11-02T01:30:00Z,900,true,1.149999,0.938423,0.883559,0.938088
N20261101-S006,N20261101,2026-11-02T01:45:00Z,900,true,1.110013,0.925029,0.913705,0.952603
N20261101-S007,N20261101,2026-11-02T02:00:00Z,900,true,1.132804,0.938919,0.889335,0.923474
N20261101-S008,N20261101,2026-11-02T02:15:00Z,900,true,1.093850,0.940958,0.885336,0.923613
N20261101-S009,N20261101,2026-11-02T02:30:00Z,900,true,1.113115,0.959902,0.897118,0.921278
N20261101-S010,N20261101,2026-11-02T02:45:00Z,900,true,1.104879,0.957156,0.911623,0.947783
N20261101-S011,N20261101,2026-11-02T03:00:00Z,900,true,1.016544,0.967504,0.919170,0.947409
N20261101-S012,N20261101,2026-11-02T03:15:00Z,900,true,1.070460,0.940582,0.922488,0.940136
N20261101-S013,N20261101,2026-11-02T03:30:00Z,900,true,1.095936,0.956134,0.895009,0.934120
N20261101-S014,N20261101,2026-11-02T03:45:00Z,900,true,1.069781,0.961469,0.911924,0.920309
N20261101-S015,N20261101,2026-11-02T04:00:00Z,900,true,1.027485,0.953941,0.905891,0.929461
N20261101-S016,N20261101,2026-11-02T04:15:00Z,900,true,1.095527,0.968637,0.934983,0.927026
N20261101-S017,N20261101,2026-11-02T04:30:00Z,900,true,1.028388,0.952602,0.936828,0.905436
N20261101-S018,N20261101,2026-11-02T04:45:00Z,900,true,1.130384,0.967918,0.935555,0.936509
N20261101-S019,N20261101,2026-11-02T05:00:00Z,900,true,1.109618,0.962699,0.927290,0.917616
N20261101-S020,N20261101,2026-11-02T05:15:00Z,900,true,1.122685,0.951514,0.922795,0.929655
N20261101-S021,N20261101,2026-11-02T05:30:00Z,900,true,1.113793,0.949234,0.938832,0.914353
N20261101-S022,N20261101,2026-11-02T05:45:00Z,900,true,1.164213,0.907475,0.948702,0.931621
N20261101-S023,N20261101,2026-11-02T06:00:00Z,900,true,1.128106,0.909724,0.946151,0.911122
N20261101-S024,N20261101,2026-11-02T06:15:00Z,900,true,1.200839,0.917376,0.944917,0.913581
N20261101-S025,N20261101,2026-11-02T06:30:00Z,900,true,1.228541,0.888846,0.964172,0.924023
N20261101-S026,N20261101,2026-11-02T06:45:00Z,900,true,1.277582,0.915998,0.965280,0.919667
N20261101-S027,N20261101,2026-11-02T07:00:00Z,900,true,1.268452,0.900509,0.937114,0.906382
N20261101-S028,N20261101,2026-11-02T07:15:00Z,900,true,1.226995,0.904236,0.941893,0.917183
N20261101-S029,N20261101,2026-11-02T07:30:00Z,900,true,1.320490,0.897240,0.974712,0.940438
N20261101-S030,N20261101,2026-11-02T07:45:00Z,900,true,1.333634,0.885396,0.948271,0.909752
N20261101-S031,N20261101,2026-11-02T08:00:00Z,900,true,1.334558,0.870684,0.963854,0.916158
N20261101-S032,N20261101,2026-11-02T08:15:00Z,900,true,1.293483,0.896462,0.940520,0.923040
N20261102-S001,N20261102,2026-11-03T00:30:00Z,900,true,1.294200,0.899996,0.949733,0.933604
N20261102-S002,N20261102,2026-11-03T00:45:00Z,900,true,1.314104,0.866735,0.971123,0.936173
N20261102-S003,N20261102,2026-11-03T01:00:00Z,900,true,1.245300,0.890606,0.955603,0.945356
N20261102-S004,N20261102,2026-11-03T01:15:00Z,900,true,1.243219,0.888059,0.968615,0.946590
N20261102-S005,N20261102,2026-11-03T01:30:00Z,900,true,1.244198,0.898997,0.968332,0.953868
N20261102-S006,N20261102,2026-11-03T01:45:00Z,900,true,1.212427,0.901716,0.960214,0.928554
N20261102-S007,N20261102,2026-11-03T02:00:00Z,900,true,1.252203,0.912689,0.961993,0.961622
N20261102-S008,N20261102,2026-11-03T02:15:00Z,900,true,1.181446,0.899630,0.940460,0.962292
N20261102-S009,N20261102,2026-11-03T02:30:00Z,900,true,1.161415,0.900556,0.961702,0.943122
N20261102-S010,N20261102,2026-11-03T02:45:00Z,900,true,1.186023,0.925804,0.934076,0.951459
N20261102-S011,N20261102,2026-11-03T03:00:00Z,900,true,1.162622,0.920961,0.957700,0.958541
N20261102-S012,N20261102,2026-11-03T03:15:00Z,900,true,1.115167,0.919565,0.954406,0.955742
N20261102-S013,N20261102,2026-11-03T03:30:00Z,900,true,1.075408,0.949245,0.918131,0.976366
N20261102-S014,N20261102,2026-11-03T03:45:00Z,900,true,1.050828,0.962216,0.949891,0.948537
N20261102-S015,N20261102,2026-11-03T04:00:00Z,900,true,1.046112,0.948165,0.919013,0.975534
N20261102-S016,N20261102,2026-11-03T04:15:00Z,900,true,1.104670,0.962370,0.940775,0.952718
N20261102-S017,N20261102,2026-11-03T04:30:00Z,900,true,1.026612,0.938457,0.904842,0.954606
N20261102-S018,N20261102,2026-11-03T04:45:00Z,900,true,1.045002,0.974985,0.927541,0.976490
N20261102-S019,N20261102,2026-11-03T05:00:00Z,900,true,1.004397,0.941379,0.929896,0.959749
N20261102-S020,N20261102,2026-11-03T05:15:00Z,900,true,1.003909,0.957383,0.899837,0.985673
N20261102-S021,N20261102,2026-11-03T05:30:00Z,900,true,1.093920,0.968733,0.900017,0.961470
N20261102-S022,N20261102,2026-11-03T05:45:00Z,900,true,1.088624,0.951646,0.925262,0.985392
N20261102-S023,N20261102,2026-11-03T06:00:00Z,900,true,1.124941,0.938034,0.902830,0.962130
N20261102-S024,N20261102,2026-11-03T06:15:00Z,900,true,1.146890,0.937706,0.903993,0.970944
N20261102-S025,N20261102,2026-11-03T06:30:00Z,900,true,1.113349,0.943178,0.891438,0.982193
N20261102-S026,N20261102,2026-11-03T06:45:00Z,900,true,1.097135,0.923153,0.894987,0.990385
N20261102-S027,N20261102,2026-11-03T07:00:00Z,900,true,1.150951,0.906493,0.903059,0.973377
N20261102-S028,N20261102,2026-11-03T07:15:00Z,900,true,1.165663,0.935326,0.903729,0.967650
N20261102-S029,N20261102,2026-11-03T07:30:00Z,900,true,1.180126,0.902969,0.898881,0.980844
N20261102-S030,N20261102,2026-11-03T07:45:00Z,900,true,1.264408,0.919939,0.881078,0.980237
N20261102-S031,N20261102,2026-11-03T08:00:00Z,900,true,1.238970,0.907210,0.900483,0.974359
N20261102-S032,N20261102,2026-11-03T08:15:00Z,900,true,1.214444,0.903661,0.893906,0.987639
N20261103-S001,N20261103,2026-11-04T00:30:00Z,900,true,1.302579,0.875541,0.897171,0.969773
N20261103-S002,N20261103,2026-11-04T00:45:00Z,900,true,1.319760,0.889064,0.903076,0.983534
N20261103-S003,N20261103,2026-11-04T01:00:00Z,900,true,1.302765,0.868395,0.921820,0.960741
N20261103-S004,N20261103,2026-11-04T01:15:00Z,900,true,1.267030,0.884279,0.916050,0.949022
N20261103-S005,N20261103,2026-11-04T01:30:00Z,900,true,1.346616,0.881276,0.895122,0.966672
N20261103-S006,N20261103,2026-11-04T01:45:00Z,900,true,1.342615,0.872920,0.931686,0.946345
N20261103-S007,N20261103,2026-11-04T02:00:00Z,900,true,1.341310,0.869342,0.925203,0.943789
N20261103-S008,N20261103,2026-11-04T02:15:00Z,900,true,1.321012,0.883905,0.905632,0.975818
N20261103-S009,N20261103,2026-11-04T02:30:00Z,900,true,1.245676,0.892341,0.936857,0.955145
N20261103-S010,N20261103,2026-11-04T02:45:00Z,900,true,1.289826,0.910150,0.903946,0.965185
N20261103-S011,N20261103,2026-11-04T03:00:00Z,900,true,1.265398,0.895212,0.914459,0.952245
N20261103-S012,N20261103,2026-11-04T03:15:00Z,900,true,1.181047,0.901048,0.924391,0.945152
N20261103-S013,N20261103,2026-11-04T03:30:00Z,900,true,1.239703,0.911944,0.916030,0.959594
N20261103-S014,N20261103,2026-11-04T03:45:00Z,900,true,1.190021,0.918549,0.933943,0.935765
N20261103-S015,N20261103,2026-11-04T04:00:00Z,900,true,1.166270,0.942335,0.923917,0.937114
N20261103-S016,N20261103,2026-11-04T04:15:00Z,900,true,1.099205,0.947854,0.956222,0.953563
N20261103-S017,N20261103,2026-11-04T04:30:00Z,900,true,1.122501,0.947205,0.951506,0.924080
N20261103-S018,N20261103,2026-11-04T04:45:00Z,900,true,1.152075,0.927160,0.953949,0.943418
N20261103-S019,N20261103,2026-11-04T05:00:00Z,900,true,1.071526,0.945151,0.944146,0.918555
N20261103-S020,N20261103,2026-11-04T05:15:00Z,900,true,1.048462,0.957610,0.952324,0.945491
N20261103-S021,N20261103,2026-11-04T05:30:00Z,900,true,1.044553,0.960335,0.942187,0.941899
N20261103-S022,N20261103,2026-11-04T05:45:00Z,900,true,1.014095,0.943934,0.969126,0.942212
N20261103-S023,N20261103,2026-11-04T06:00:00Z,900,true,1.048637,0.944192,0.950489,0.939296
N20261103-S024,N20261103,2026-11-04T06:15:00Z,900,true,1.014880,0.978492,0.944843,0.913118
N20261103-S025,N20261103,2026-11-04T06:30:00Z,900,true,1.102004,0.977617,0.953251,0.937822
N20261103-S026,N20261103,2026-11-04T06:45:00Z,900,true,1.064450,0.942084,0.958245,0.908527
N20261103-S027,N20261103,2026-11-04T07:00:00Z,900,true,1.110817,0.959371,0.940906,0.906374
N20261103-S028,N20261103,2026-11-04T07:15:00Z,900,true,1.087143,0.930492,0.959058,0.918506
N20261103-S029,N20261103,2026-11-04T07:30:00Z,900,true,1.052267,0.942591,0.941051,0.905918
N20261103-S030,N20261103,2026-11-04T07:45:00Z,900,true,1.075898,0.943738,0.943557,0.934109
N20261103-S031,N20261103,2026-11-04T08:00:00Z,900,true,1.135381,0.947847,0.970819,0.924996
N20261103-S032,N20261103,2026-11-04T08:15:00Z,900,true,1.177308,0.909309,0.961921,0.940882
N20261104-S001,N20261104,2026-11-05T00:30:00Z,900,true,1.220571,0.914164,0.951213,0.936633
N20261104-S002,N20261104,2026-11-05T00:45:00Z,900,true,1.215327,0.915011,0.961169,0.936142
N20261104-S003,N20261104,2026-11-05T01:00:00Z,900,true,1.217847,0.896665,0.938829,0.928742
N20261104-S004,N20261104,2026-11-05T01:15:00Z,900,true,1.266681,0.906969,0.949521,0.917631
N20261104-S005,N20261104,2026-11-05T01:30:00Z,900,true,1.270882,0.877452,0.947006,0.947480
N20261104-S006,N20261104,2026-11-05T01:45:00Z,900,true,1.223483,0.878422,0.950707,0.949863
N20261104-S007,N20261104,2026-11-05T02:00:00Z,900,true,1.243532,0.901365,0.932442,0.920765
N20261104-S008,N20261104,2026-11-05T02:15:00Z,900,true,1.328313,0.883214,0.918018,0.949036
N20261104-S009,N20261104,2026-11-05T02:30:00Z,900,true,1.309946,0.872440,0.936635,0.956243
N20261104-S010,N20261104,2026-11-05T02:45:00Z,900,true,1.254305,0.893475,0.937331,0.953935
N20261104-S011,N20261104,2026-11-05T03:00:00Z,900,true,1.326793,0.883259,0.922021,0.936914
N20261104-S012,N20261104,2026-11-05T03:15:00Z,900,true,1.274518,0.897828,0.904124,0.931081
N20261104-S013,N20261104,2026-11-05T03:30:00Z,900,true,1.261779,0.870220,0.934621,0.957246
N20261104-S014,N20261104,2026-11-05T03:45:00Z,900,true,1.234367,0.880274,0.906334,0.943938
N20261104-S015,N20261104,2026-11-05T04:00:00Z,900,true,1.276609,0.897992,0.913429,0.966486
N20261104-S016,N20261104,2026-11-05T04:15:00Z,900,true,1.212061,0.910241,0.900829,0.963665
N20261104-S017,N20261104,2026-11-05T04:30:00Z,900,true,1.201927,0.919936,0.925068,0.950509
N20261104-S018,N20261104,2026-11-05T04:45:00Z,900,true,1.211536,0.900357,0.910754,0.959803
N20261104-S019,N20261104,2026-11-05T05:00:00Z,900,true,1.155474,0.915767,0.915390,0.968014
N20261104-S020,N20261104,2026-11-05T05:15:00Z,900,true,1.195073,0.915078,0.921083,0.977793
N20261104-S021,N20261104,2026-11-05T05:30:00Z,900,true,1.182772,0.919695,0.885013,0.965663
N20261104-S022,N20261104,2026-11-05T05:45:00Z,900,true,1.079599,0.929539,0.915522,0.970563
N20261104-S023,N20261104,2026-11-05T06:00:00Z,900,true,1.062497,0.958144,0.917252,0.956941
N20261104-S024,N20261104,2026-11-05T06:15:00Z,900,true,1.109829,0.965062,0.905330,0.977846
N20261104-S025,N20261104,2026-11-05T06:30:00Z,900,true,1.087712,0.956539,0.886338,0.969622
N20261104-S026,N20261104,2026-11-05T06:45:00Z,900,true,1.065742,0.960416,0.920836,0.985566
N20261104-S027,N20261104,2026-11-05T07:00:00Z,900,true,1.094584,0.972323,0.917269,0.960450
N20261104-S028,N20261104,2026-11-05T07:15:00Z,900,true,1.005587,0.971969,0.891534,0.993392
N20261104-S029,N20261104,2026-11-05T07:30:00Z,900,true,1.030637,0.956785,0.914082,0.993781
N20261104-S030,N20261104,2026-11-05T07:45:00Z,900,true,1.058603,0.974813,0.911737,0.975922
N20261104-S031,N20261104,2026-11-05T08:00:00Z,900,true,1.082862,0.960623,0.904233,0.982367
N20261105-S001,N20261105,2026-11-06T00:30:00Z,900,true,1.089746,0.963034,0.900962,0.971817
N20261105-S002,N20261105,2026-11-06T00:45:00Z,900,true,1.127270,0.951917,0.912793,0.968715
N20261105-S003,N20261105,2026-11-06T01:00:00Z,900,true,1.117835,0.933649,0.935923,0.984811
N20261105-S004,N20261105,2026-11-06T01:15:00Z,900,true,1.097912,0.933286,0.937814,0.960946
N20261105-S005,N20261105,2026-11-06T01:30:00Z,900,true,1.098288,0.944079,0.910591,0.989773
N20261105-S006,N20261105,2026-11-06T01:45:00Z,900,true,1.128350,0.942905,0.911918,0.990787
N20261105-S007,N20261105,2026-11-06T02:00:00Z,900,true,1.139207,0.917163,0.921249,0.968857
N20261105-S008,N20261105,2026-11-06T02:15:00Z,900,true,1.236618,0.907107,0.932494,0.966422
N20261105-S009,N20261105,2026-11-06T02:30:00Z,900,true,1.199916,0.899539,0.928676,0.971094
N20261105-S010,N20261105,2026-11-06T02:45:00Z,900,true,1.278398,0.896786,0.945412,0.980150
N20261105-S011,N20261105,2026-11-06T03:00:00Z,900,true,1.283787,0.893901,0.953454,0.955827
N20261105-S012,N20261105,2026-11-06T03:15:00Z,900,true,1.252158,0.889818,0.930447,0.957427
N20261105-S013,N20261105,2026-11-06T03:30:00Z,900,true,1.326125,0.889183,0.970082,0.972755
N20261105-S014,N20261105,2026-11-06T03:45:00Z,900,true,1.288160,0.883110,0.946006,0.944070
N20261105-S015,N20261105,2026-11-06T04:00:00Z,900,true,1.311701,0.863030,0.960413,0.946858
N20261105-S016,N20261105,2026-11-06T04:15:00Z,900,true,1.299865,0.879245,0.956454,0.933021
N20261105-S017,N20261105,2026-11-06T04:30:00Z,900,true,1.298229,0.862004,0.961803,0.931535
N20261105-S018,N20261105,2026-11-06T04:45:00Z,900,true,1.248139,0.880589,0.962027,0.939497
N20261105-S019,N20261105,2026-11-06T05:00:00Z,900,true,1.276672,0.871878,0.953636,0.931646
N20261105-S020,N20261105,2026-11-06T05:15:00Z,900,true,1.276014,0.876797,0.941283,0.938511
N20261105-S021,N20261105,2026-11-06T05:30:00Z,900,true,1.273519,0.898520,0.971688,0.942884
N20261105-S022,N20261105,2026-11-06T05:45:00Z,900,true,1.253224,0.906818,0.943156,0.947852
N20261105-S023,N20261105,2026-11-06T06:00:00Z,900,true,1.259597,0.916284,0.970467,0.950398
N20261105-S024,N20261105,2026-11-06T06:15:00Z,900,true,1.205557,0.908457,0.977110,0.943177
N20261105-S025,N20261105,2026-11-06T06:30:00Z,900,true,1.165144,0.900641,0.966538,0.915760
N20261105-S026,N20261105,2026-11-06T06:45:00Z,900,true,1.115980,0.928783,0.944452,0.935747
N20261105-S027,N20261105,2026-11-06T07:00:00Z,900,true,1.104412,0.947079,0.958837,0.913924
N20261105-S028,N20261105,2026-11-06T07:15:00Z,900,true,1.105497,0.925273,0.942875,0.909835
N20261105-S029,N20261105,2026-11-06T07:30:00Z,900,true,1.077365,0.936743,0.955395,0.943417
N20261105-S030,N20261105,2026-11-06T07:45:00Z,900,true,1.128451,0.930417,0.957285,0.915176
N20261105-S031,N20261105,2026-11-06T08:00:00Z,900,true,1.054213,0.951944,0.953088,0.919737
N20261106-S001,N20261106,2026-11-07T00:30:00Z,900,true,1.098731,0.951635,0.927765,0.929916
N20261106-S002,N20261106,2026-11-07T00:45:00Z,900,true,1.077831,0.954278,0.923868,0.903071
N20261106-S003,N20261106,2026-11-07T01:00:00Z,900,true,1.031547,0.977641,0.929783,0.938433
N20261106-S004,N20261106,2026-11-07T01:15:00Z,900,true,1.018245,0.963800,0.942040,0.929765
N20261106-S005,N20261106,2026-11-07T01:30:00Z,900,true,1.068263,0.968798,0.928631,0.924799
N20261106-S006,N20261106,2026-11-07T01:45:00Z,900,true,1.076830,0.966427,0.929322,0.932367
N20261106-S007,N20261106,2026-11-07T02:00:00Z,900,true,1.070326,0.935636,0.937073,0.907606
N20261106-S008,N20261106,2026-11-07T02:15:00Z,900,true,1.106982,0.935571,0.925520,0.915230
N20261106-S009,N20261106,2026-11-07T02:30:00Z,900,true,1.086295,0.948839,0.907068,0.913908
N20261106-S010,N20261106,2026-11-07T02:45:00Z,900,true,1.142593,0.952515,0.918160,0.937266
N20261106-S011,N20261106,2026-11-07T03:00:00Z,900,true,1.122028,0.940721,0.908723,0.939331
N20261106-S012,N20261106,2026-11-07T03:15:00Z,900,true,1.143330,0.914671,0.891671,0.933607
N20261106-S013,N20261106,2026-11-07T03:30:00Z,900,true,1.184617,0.921737,0.895304,0.914977
N20261106-S014,N20261106,2026-11-07T03:45:00Z,900,true,1.236324,0.895778,0.922393,0.938288
N20261106-S015,N20261106,2026-11-07T04:00:00Z,900,true,1.208271,0.900321,0.893909,0.921272
N20261106-S016,N20261106,2026-11-07T04:15:00Z,900,true,1.225070,0.896272,0.895291,0.917708
N20261106-S017,N20261106,2026-11-07T04:30:00Z,900,true,1.304198,0.905697,0.912099,0.959265
N20261106-S018,N20261106,2026-11-07T04:45:00Z,900,true,1.305814,0.885317,0.890596,0.929794
N20261106-S019,N20261106,2026-11-07T05:00:00Z,900,true,1.333414,0.881704,0.914431,0.956858
N20261106-S020,N20261106,2026-11-07T05:15:00Z,900,true,1.322237,0.875746,0.908446,0.946337
N20261106-S021,N20261106,2026-11-07T05:30:00Z,900,true,1.330699,0.899752,0.920467,0.965781
N20261106-S022,N20261106,2026-11-07T05:45:00Z,900,true,1.332754,0.879753,0.891578,0.944295
N20261106-S023,N20261106,2026-11-07T06:00:00Z,900,true,1.340278,0.877015,0.903105,0.958899
N20261106-S024,N20261106,2026-11-07T06:15:00Z,900,true,1.274759,0.888284,0.924770,0.950108
N20261106-S025,N20261106,2026-11-07T06:30:00Z,900,true,1.269054,0.871921,0.924366,0.975890
N20261106-S026,N20261106,2026-11-07T06:45:00Z,900,true,1.279709,0.876504,0.905225,0.955341
N20261106-S027,N20261106,2026-11-07T07:00:00Z,900,true,1.228220,0.893062,0.923410,0.950923
N20261106-S028,N20261106,2026-11-07T07:15:00Z,900,true,1.236517,0.915971,0.916053,0.964282
N20261106-S029,N20261106,2026-11-07T07:30:00Z,900,true,1.250524,0.900931,0.910094,0.988426
N20261106-S030,N20261106,2026-11-07T07:45:00Z,900,true,1.183818,0.921617,0.937398,0.982429
N20261106-S031,N20261106,2026-11-07T08:00:00Z,900,true,1.188674,0.905513,0.918984,0.985801
N20261107-S001,N20261107,2026-11-08T00:30:00Z,900,true,1.143507,0.905572,0.941370,0.969037
N20261107-S002,N20261107,2026-11-08T00:45:00Z,900,true,1.116628,0.921053,0.917938,0.987980
N20261107-S003,N20261107,2026-11-08T01:00:00Z,900,true,1.135450,0.952247,0.916525,0.980099
N20261107-S004,N20261107,2026-11-08T01:15:00Z,900,true,1.127162,0.954606,0.929730,0.977192
N20261107-S005,N20261107,2026-11-08T01:30:00Z,900,true,1.093462,0.931153,0.950922,0.975514
N20261107-S006,N20261107,2026-11-08T01:45:00Z,900,true,1.114556,0.952172,0.961198,0.968217
N20261107-S007,N20261107,2026-11-08T02:00:00Z,900,true,1.073638,0.954648,0.946839,0.994610
N20261107-S008,N20261107,2026-11-08T02:15:00Z,900,true,1.024003,0.957832,0.945995,0.977362
N20261107-S009,N20261107,2026-11-08T02:30:00Z,900,true,1.082413,0.974397,0.934541,0.998360
N20261107-S010,N20261107,2026-11-08T02:45:00Z,900,true,1.057997,0.951783,0.935555,0.973395
N20261107-S011,N20261107,2026-11-08T03:00:00Z,900,true,1.085673,0.954241,0.948600,0.975088
N20261107-S012,N20261107,2026-11-08T03:15:00Z,900,true,1.072078,0.964013,0.947980,0.983110
N20261107-S013,N20261107,2026-11-08T03:30:00Z,900,true,1.109345,0.942949,0.950871,0.991500
N20261107-S014,N20261107,2026-11-08T03:45:00Z,900,true,1.043151,0.937046,0.941228,0.974548
N20261107-S015,N20261107,2026-11-08T04:00:00Z,900,true,1.137005,0.958866,0.972339,0.990620
N20261107-S016,N20261107,2026-11-08T04:15:00Z,900,true,1.119061,0.950500,0.941569,0.976095
N20261107-S017,N20261107,2026-11-08T04:30:00Z,900,true,1.124955,0.939061,0.949430,0.974435
N20261107-S018,N20261107,2026-11-08T04:45:00Z,900,true,1.148801,0.910350,0.970617,0.956705
N20261107-S019,N20261107,2026-11-08T05:00:00Z,900,true,1.132836,0.928234,0.941037,0.968847
N20261107-S020,N20261107,2026-11-08T05:15:00Z,900,true,1.180294,0.918320,0.949378,0.956898
N20261107-S021,N20261107,2026-11-08T05:30:00Z,900,true,1.271189,0.914226,0.945776,0.980180
N20261107-S022,N20261107,2026-11-08T05:45:00Z,900,true,1.219218,0.906344,0.967080,0.977377
N20261107-S023,N20261107,2026-11-08T06:00:00Z,900,true,1.274624,0.898920,0.962786,0.937780
N20261107-S024,N20261107,2026-11-08T06:15:00Z,900,true,1.233352,0.895798,0.933982,0.957856
N20261107-S025,N20261107,2026-11-08T06:30:00Z,900,true,1.253956,0.892430,0.933393,0.967389
N20261107-S026,N20261107,2026-11-08T06:45:00Z,900,true,1.311776,0.871659,0.928289,0.953091
N20261107-S027,N20261107,2026-11-08T07:00:00Z,900,true,1.315696,0.888612,0.954258,0.957505
N20261107-S028,N20261107,2026-11-08T07:15:00Z,900,true,1.343809,0.890264,0.920899,0.961321
N20261107-S029,N20261107,2026-11-08T07:30:00Z,900,true,1.277186,0.861835,0.918707,0.947359
N20261107-S030,N20261107,2026-11-08T07:45:00Z,900,true,1.291749,0.886219,0.926589,0.940385
N20261107-S031,N20261107,2026-11-08T08:00:00Z,900,true,1.323705,0.896109,0.917496,0.924816
N20261108-S001,N20261108,2026-11-09T00:30:00Z,900,true,1.228012,0.905528,0.930137,0.920029
N20261108-S002,N20261108,2026-11-09T00:45:00Z,900,true,1.290509,0.879369,0.920858,0.932152
N20261108-S003,N20261108,2026-11-09T01:00:00Z,900,true,1.264325,0.898925,0.921947,0.942558
N20261108-S004,N20261108,2026-11-09T01:15:00Z,900,true,1.223843,0.911205,0.915543,0.908891
N20261108-S005,N20261108,2026-11-09T01:30:00Z,900,true,1.198337,0.902983,0.904509,0.942015
N20261108-S006,N20261108,2026-11-09T01:45:00Z,900,true,1.213432,0.919121,0.925931,0.921251
N20261108-S007,N20261108,2026-11-09T02:00:00Z,900,true,1.135750,0.920947,0.926138,0.935092
N20261108-S008,N20261108,2026-11-09T02:15:00Z,900,true,1.095760,0.935045,0.889557,0.925621
N20261108-S009,N20261108,2026-11-09T02:30:00Z,900,true,1.070629,0.926482,0.885076,0.918984
N20261108-S010,N20261108,2026-11-09T02:45:00Z,900,true,1.121156,0.934975,0.919303,0.918640
N20261108-S011,N20261108,2026-11-09T03:00:00Z,900,true,1.095534,0.947236,0.910379,0.909547
N20261108-S012,N20261108,2026-11-09T03:15:00Z,900,true,1.083521,0.937407,0.898231,0.938146
N20261108-S013,N20261108,2026-11-09T03:30:00Z,900,true,1.071471,0.938488,0.912043,0.912085
N20261108-S014,N20261108,2026-11-09T03:45:00Z,900,true,1.017031,0.955494,0.906627,0.938463
N20261108-S015,N20261108,2026-11-09T04:00:00Z,900,true,1.069657,0.957270,0.912733,0.903088
N20261108-S016,N20261108,2026-11-09T04:15:00Z,900,true,1.016425,0.940213,0.895795,0.912255
N20261108-S017,N20261108,2026-11-09T04:30:00Z,900,true,1.060447,0.978413,0.920917,0.930896
N20261108-S018,N20261108,2026-11-09T04:45:00Z,900,true,1.092463,0.972532,0.907060,0.931009
N20261108-S019,N20261108,2026-11-09T05:00:00Z,900,true,1.047330,0.940137,0.919577,0.912326
N20261108-S020,N20261108,2026-11-09T05:15:00Z,900,true,1.083583,0.934245,0.914253,0.941233
N20261108-S021,N20261108,2026-11-09T05:30:00Z,900,true,1.129581,0.956433,0.902702,0.934518
N20261108-S022,N20261108,2026-11-09T05:45:00Z,900,true,1.073134,0.942543,0.927793,0.938604
N20261108-S023,N20261108,2026-11-09T06:00:00Z,900,true,1.186806,0.946524,0.930403,0.946659
N20261108-S024,N20261108,2026-11-09T06:15:00Z,900,true,1.187446,0.928734,0.935898,0.945505
N20261108-S025,N20261108,2026-11-09T06:30:00Z,900,true,1.133384,0.935390,0.937450,0.929524
N20261108-S026,N20261108,2026-11-09T06:45:00Z,900,true,1.241148,0.908976,0.925895,0.953552
N20261108-S027,N20261108,2026-11-09T07:00:00Z,900,true,1.249827,0.902931,0.934016,0.956491
N20261108-S028,N20261108,2026-11-09T07:15:00Z,900,true,1.209873,0.879196,0.914608,0.930431
N20261108-S029,N20261108,2026-11-09T07:30:00Z,900,true,1.218984,0.912227,0.917415,0.968175
N20261108-S030,N20261108,2026-11-09T07:45:00Z,900,true,1.223283,0.900499,0.954103,0.937482
N20261108-S031,N20261108,2026-11-09T08:00:00Z,900,true,1.325814,0.873658,0.953176,0.958434
N20261109-S001,N20261109,2026-11-10T00:30:00Z,900,true,1.282467,0.882600,0.938441,0.956593
N20261109-S002,N20261109,2026-11-10T00:45:00Z,900,true,1.286709,0.869512,0.930173,0.957982
N20261109-S003,N20261109,2026-11-10T01:00:00Z,900,true,1.282666,0.868753,0.933245,0.960074
N20261109-S004,N20261109,2026-11-10T01:15:00Z,900,true,1.311417,0.899121,0.942768,0.973984
N20261109-S005,N20261109,2026-11-10T01:30:00Z,900,true,1.329431,0.886340,0.941253,0.953877
N20261109-S006,N20261109,2026-11-10T01:45:00Z,900,true,1.271725,0.900876,0.950170,0.967594
N20261109-S007,N20261109,2026-11-10T02:00:00Z,900,true,1.233949,0.893342,0.973227,0.956140
N20261109-S008,N20261109,2026-11-10T02:15:00Z,900,true,1.229323,0.879208,0.963775,0.954391
N20261109-S009,N20261109,2026-11-10T02:30:00Z,900,true,1.228660,0.906331,0.962900,0.962106
N20261109-S010,N20261109,2026-11-10T02:45:00Z,900,true,1.197496,0.892668,0.972221,0.973303
N20261109-S011,N20261109,2026-11-10T03:00:00Z,900,true,1.156981,0.917136,0.951208,0.962530
N20261109-S012,N20261109,2026-11-10T03:15:00Z,900,true,1.162970,0.907378,0.963081,0.966283
N20261109-S013,N20261109,2026-11-10T03:30:00Z,900,true,1.142291,0.945299,0.957807,0.981470
N20261109-S014,N20261109,2026-11-10T03:45:00Z,900,true,1.109020,0.915203,0.965383,0.962478
N20261109-S015,N20261109,2026-11-10T04:00:00Z,900,true,1.104202,0.946540,0.937144,0.991202
N20261109-S016,N20261109,2026-11-10T04:15:00Z,900,true,1.093492,0.952802,0.959081,0.980109
N20261109-S017,N20261109,2026-11-10T04:30:00Z,900,true,1.037865,0.937694,0.935781,0.994592
N20261109-S018,N20261109,2026-11-10T04:45:00Z,900,true,1.075136,0.950691,0.962551,0.960148
N20261109-S019,N20261109,2026-11-10T05:00:00Z,900,true,1.040775,0.961096,0.965601,0.979109
N20261109-S020,N20261109,2026-11-10T05:15:00Z,900,true,1.018624,0.942189,0.948498,0.982509
N20261109-S021,N20261109,2026-11-10T05:30:00Z,900,true,1.033822,0.942698,0.932826,0.964156
N20261109-S022,N20261109,2026-11-10T05:45:00Z,900,true,1.096394,0.946297,0.945236,0.979395
N20261109-S023,N20261109,2026-11-10T06:00:00Z,900,true,1.069098,0.964545,0.946440,0.991663
N20261109-S024,N20261109,2026-11-10T06:15:00Z,900,true,1.026120,0.937243,0.944173,0.960365
N20261109-S025,N20261109,2026-11-10T06:30:00Z,900,true,1.113598,0.956806,0.925808,0.954565
N20261109-S026,N20261109,2026-11-10T06:45:00Z,900,true,1.113185,0.947861,0.908704,0.981685
N20261109-S027,N20261109,2026-11-10T07:00:00Z,900,true,1.113215,0.928123,0.934356,0.970071
N20261109-S028,N20261109,2026-11-10T07:15:00Z,900,true,1.080858,0.932419,0.927544,0.974399
N20261109-S029,N20261109,2026-11-10T07:30:00Z,900,true,1.126479,0.933079,0.930088,0.961408
N20261109-S030,N20261109,2026-11-10T07:45:00Z,900,true,1.193323,0.916087,0.914851,0.957661
N20261109-S031,N20261109,2026-11-10T08:00:00Z,900,true,1.163173,0.907872,0.904971,0.936564
N20261110-S001,N20261110,2026-11-11T00:30:00Z,900,true,1.156000,0.925122,0.909778,0.956681
N20261110-S002,N20261110,2026-11-11T00:45:00Z,900,true,1.272352,0.896575,0.895098,0.941002
N20261110-S003,N20261110,2026-11-11T01:00:00Z,900,true,1.290306,0.903979,0.890261,0.963404
N20261110-S004,N20261110,2026-11-11T01:15:00Z,900,true,1.278905,0.889548,0.912228,0.933261
N20261110-S005,N20261110,2026-11-11T01:30:00Z,900,true,1.235738,0.883197,0.913209,0.925090
N20261110-S006,N20261110,2026-11-11T01:45:00Z,900,true,1.237266,0.892345,0.909780,0.945158
N20261110-S007,N20261110,2026-11-11T02:00:00Z,900,true,1.304707,0.863657,0.912136,0.929067
N20261110-S008,N20261110,2026-11-11T02:15:00Z,900,true,1.344325,0.893957,0.884388,0.947468
N20261110-S009,N20261110,2026-11-11T02:30:00Z,900,true,1.316282,0.894099,0.883725,0.946169
N20261110-S010,N20261110,2026-11-11T02:45:00Z,900,true,1.325482,0.864100,0.885770,0.918817
N20261110-S011,N20261110,2026-11-11T03:00:00Z,900,true,1.281113,0.885547,0.918265,0.928632
N20261110-S012,N20261110,2026-11-11T03:15:00Z,900,true,1.244423,0.868204,0.920997,0.942949
N20261110-S013,N20261110,2026-11-11T03:30:00Z,900,true,1.315722,0.887131,0.894840,0.925035
N20261110-S014,N20261110,2026-11-11T03:45:00Z,900,true,1.301906,0.874572,0.922156,0.928297
N20261110-S015,N20261110,2026-11-11T04:00:00Z,900,true,1.285663,0.902520,0.895547,0.920113
N20261110-S016,N20261110,2026-11-11T04:15:00Z,900,true,1.210226,0.897625,0.897602,0.910561
N20261110-S017,N20261110,2026-11-11T04:30:00Z,900,true,1.174263,0.905792,0.922124,0.913002
N20261110-S018,N20261110,2026-11-11T04:45:00Z,900,true,1.218365,0.926271,0.901602,0.924621
N20261110-S019,N20261110,2026-11-11T05:00:00Z,900,true,1.194000,0.908617,0.933086,0.925579
N20261110-S020,N20261110,2026-11-11T05:15:00Z,900,true,1.156011,0.939720,0.939843,0.908495
N20261110-S021,N20261110,2026-11-11T05:30:00Z,900,true,1.159087,0.938280,0.914806,0.940181
N20261110-S022,N20261110,2026-11-11T05:45:00Z,900,true,1.136668,0.936574,0.925268,0.911779
N20261110-S023,N20261110,2026-11-11T06:00:00Z,900,true,1.076270,0.957160,0.925397,0.926547
N20261110-S024,N20261110,2026-11-11T06:15:00Z,900,true,1.079928,0.972808,0.929224,0.920583
N20261110-S025,N20261110,2026-11-11T06:30:00Z,900,true,1.107988,0.955933,0.937140,0.904056
N20261110-S026,N20261110,2026-11-11T06:45:00Z,900,true,1.077348,0.972507,0.939692,0.909955
N20261110-S027,N20261110,2026-11-11T07:00:00Z,900,true,1.027964,0.948786,0.949571,0.910882
N20261110-S028,N20261110,2026-11-11T07:15:00Z,900,true,1.084975,0.957153,0.960666,0.925001
N20261110-S029,N20261110,2026-11-11T07:30:00Z,900,true,1.067610,0.948189,0.940674,0.926681
N20261110-S030,N20261110,2026-11-11T07:45:00Z,900,true,1.060828,0.967105,0.943977,0.937468
N20261110-S031,N20261110,2026-11-11T08:00:00Z,900,true,1.034212,0.947825,0.936907,0.920600
